sales,employees,age,training,exporter,financing,competition,labor_cost,labor_prod,successful
30700000,53,3.0,0.0,0,0.0,0,320000.0,579245.283018868,0
29000000,22,1.0,0.0,1,0.0,0,33500.0,1318181.8181818181,0
43000000,107,12.0,0.0,0,0.0,1,120000.0,401869.15887850465,0
135000000,270,25.0,0.0,0,0.0,0,711000.0,500000.0,1
6000000,15,5.0,0.0,1,0.0,1,8000.0,400000.0,0
124000000,95,22.0,1.0,0,0.0,1,611000.0,1305263.1578947369,1
8461000,14,3.0,0.0,1,0.0,0,120000.0,604357.1428571428,0
417200000,266,10.0,0.0,0,0.0,0,840000.0,1568421.0526315789,1
46000000,55,35.0,0.0,0,0.0,1,80000.0,836363.6363636364,0
105000000,100,10.0,0.0,0,0.0,0,150000.0,1050000.0,1
7000000,12,20.0,0.0,0,0.0,1,9000.0,583333.3333333334,0
196400000,255,22.0,1.0,0,1.0,0,480000.0,770196.0784313725,1
17164000,80,30.0,0.0,0,0.0,1,90000.0,214550.0,0
295500000,302,12.0,0.0,0,1.0,1,298000.0,978476.821192053,1
47400000,36,1.0,0.0,1,0.0,0,110000.0,1316666.6666666667,0
236000000,280,30.0,0.0,0,0.0,1,1101000.0,842857.1428571428,1
3600000,5,30.0,0.0,0,0.0,1,9000.0,720000.0,0
440000000,300,10.0,0.0,1,0.0,1,411000.0,1466666.6666666667,1
44000000,22,2.0,1.0,1,0.0,1,30000.0,2000000.0,0
121246000,90,11.0,0.0,0,0.0,0,282000.0,1347177.7777777778,1
13000000,13,10.0,0.0,1,0.0,0,26000.0,1000000.0,0
59800000,41,17.0,0.0,0,0.0,1,190000.0,1458536.5853658537,0
6000000,6,11.0,0.0,1,0.0,1,12000.0,1000000.0,0
27000000,17,15.0,0.0,1,0.0,1,48000.0,1588235.294117647,0
75000000,22,5.0,0.0,0,0.0,1,18000.0,3409090.909090909,0
15000000,40,20.0,0.0,1,0.0,0,20000.0,375000.0,0
210500000,120,13.0,0.0,0,0.0,1,620000.0,1754166.6666666667,1
12000000,13,9.0,0.0,1,0.0,1,15000.0,923076.9230769231,0
6980000,8,5.0,0.0,1,0.0,1,24400.0,872500.0,0
130000000,76,5.0,0.0,0,0.0,0,636000.0,1710526.3157894737,1
19000000,21,15.0,0.0,1,0.0,0,7200.0,904761.9047619047,0
4745000,8,5.0,0.0,0,0.0,0,15000.0,593125.0,0
190200000,225,16.0,1.0,0,0.0,0,480000.0,845333.3333333334,1
307600000,264,12.0,0.0,0,1.0,1,1000000.0,1165151.5151515151,1
20000000,15,15.0,0.0,0,0.0,1,10000.0,1333333.3333333333,0
34700000,42,18.0,0.0,0,0.0,0,304400.0,826190.4761904762,0
27000000,24,30.0,0.0,1,0.0,1,80000.0,1125000.0,0
235000000,300,20.0,0.0,0,0.0,1,1211000.0,783333.3333333334,1
7000000,20,10.0,0.0,1,0.0,1,19000.0,350000.0,0
6000000,15,20.0,0.0,1,0.0,0,25000.0,400000.0,0
26000000,19,20.0,0.0,1,0.0,1,25000.0,1368421.0526315789,0
33000000,48,15.0,0.0,0,0.0,0,56000.0,687500.0,0
57000000,32,15.0,0.0,1,1.0,1,31000.0,1781250.0,0
7989600,10,12.0,0.0,0,0.0,1,33600.0,798960.0,0
25000000,42,16.0,1.0,1,1.0,0,4000.0,595238.0952380953,0
93580800,254,15.0,1.0,0,1.0,1,200000.0,368428.3464566929,1
11300000,10,12.0,0.0,1,0.0,0,33600.0,1130000.0,0
80000000,184,6.0,0.0,0,0.0,1,456000.0,434782.60869565216,0
341000000,256,20.0,1.0,0,1.0,1,658000.0,1332031.25,1
75000000,42,13.0,0.0,0,0.0,1,242000.0,1785714.2857142857,0
12570000,10,20.0,0.0,0,0.0,1,34800.0,1257000.0,0
17000000,15,7.0,0.0,1,0.0,0,28000.0,1133333.3333333333,0
493000000,350,14.0,1.0,0,0.0,1,2516000.0,1408571.4285714286,1
130600000,87,8.0,0.0,0,0.0,1,480000.0,1501149.4252873564,1
61000000,63,13.0,0.0,0,0.0,0,91000.0,968253.9682539683,0
438000000,305,20.0,0.0,0,0.0,0,3800000.0,1436065.5737704919,1
55000000,34,5.0,0.0,0,0.0,0,235000.0,1617647.0588235294,0
186000000,234,8.0,0.0,0,1.0,1,899000.0,794871.7948717949,1
266000000,185,7.0,0.0,0,0.0,0,1432000.0,1437837.8378378379,1
230000000,155,15.0,0.0,0,0.0,0,310000.0,1483870.9677419355,1
266550000,265,11.0,0.0,0,0.0,0,600000.0,1005849.0566037736,1
4000000,5,14.0,0.0,1,0.0,0,26000.0,800000.0,0
15600000,15,8.0,0.0,0,0.0,0,36000.0,1040000.0,0
55000000,102,12.0,0.0,0,0.0,1,108000.0,539215.6862745098,0
132000000,142,20.0,0.0,0,0.0,1,311000.0,929577.4647887324,1
117000000,75,8.0,0.0,1,0.0,0,98500.0,1560000.0,1
25000000,25,10.0,0.0,1,0.0,1,110000.0,1000000.0,0
90000000,145,14.0,1.0,0,1.0,1,206000.0,620689.6551724138,1
14000000,10,4.0,1.0,1,0.0,0,131200.0,1400000.0,0
237000000,152,15.0,1.0,0,0.0,1,126500.0,1559210.5263157894,1
52500000,156,10.0,0.0,0,0.0,1,106000.0,336538.46153846156,0
4000000,5,2.0,0.0,1,0.0,0,9000.0,800000.0,0
129887400,92,15.0,1.0,0,1.0,1,300000.0,1411819.5652173914,1
16800000,18,4.0,0.0,1,0.0,0,51600.0,933333.3333333334,0
14200000,34,10.0,0.0,0,0.0,1,40000.0,417647.0588235294,0
41800000,45,13.0,0.0,0,0.0,0,180000.0,928888.8888888889,0
112000000,103,12.0,0.0,0,0.0,0,35200.0,1087378.640776699,1
66000000,105,11.0,0.0,1,0.0,1,511000.0,628571.4285714285,0
414000000,252,6.0,1.0,0,1.0,1,1236520.0,1642857.142857143,1
63500000,132,16.0,0.0,0,0.0,0,109000.0,481060.6060606061,0
19000000,14,15.0,0.0,1,0.0,1,32000.0,1357142.857142857,0
5512800,24,20.0,0.0,0,0.0,1,33600.0,229700.0,0
85000000,56,10.0,0.0,0,0.0,1,200000.0,1517857.142857143,0
25000000,30,20.0,0.0,0,0.0,1,20000.0,833333.3333333334,0
6109000,8,3.0,0.0,1,0.0,1,24000.0,763625.0,0
156600000,152,10.0,1.0,0,0.0,1,196000.0,1030263.1578947369,1
19300000,49,15.0,0.0,0,0.0,0,60000.0,393877.55102040817,0
43000000,102,10.0,0.0,1,0.0,1,90000.0,421568.6274509804,0
16000000,17,9.0,0.0,1,0.0,1,29000.0,941176.4705882353,0
7300000,10,5.0,0.0,1,0.0,0,5000.0,730000.0,0
14000000,22,10.0,0.0,1,0.0,0,40000.0,636363.6363636364,0
182000000,210,30.0,0.0,0,0.0,1,911000.0,866666.6666666666,1
62800000,70,8.0,0.0,0,0.0,0,98000.0,897142.8571428572,0
335000000,260,20.0,0.0,0,0.0,1,2111000.0,1288461.5384615385,1
19000000,15,6.0,0.0,0,1.0,0,6500.0,1266666.6666666667,0
38910800,25,3.0,0.0,0,0.0,1,43200.0,1556432.0,0
35180000,50,13.0,0.0,1,0.0,0,72000.0,703600.0,0
136000000,254,15.0,0.0,0,0.0,0,411000.0,535433.0708661417,1
230000000,205,40.0,0.0,0,0.0,0,1150000.0,1121951.219512195,1
16062300,18,6.0,0.0,1,0.0,1,89256.0,892350.0,0
73000000,154,4.0,0.0,0,0.0,0,444000.0,474025.97402597405,0
900000,5,15.0,0.0,1,0.0,1,4000.0,180000.0,0
322000000,142,16.0,1.0,0,1.0,1,106000.0,2267605.6338028167,1
3000000,5,16.0,0.0,1,0.0,0,18000.0,600000.0,0
20000000,15,15.0,0.0,1,0.0,1,39000.0,1333333.3333333333,0
16000000,25,16.0,0.0,1,0.0,0,52000.0,640000.0,0
75000000,115,25.0,0.0,0,0.0,0,311000.0,652173.9130434783,0
226000000,250,13.0,0.0,1,0.0,1,413000.0,904000.0,1
27252000,32,15.0,0.0,0,0.0,1,132000.0,851625.0,0
23000000,30,4.0,0.0,1,0.0,0,43000.0,766666.6666666666,0
25000000,24,12.0,0.0,1,0.0,1,21000.0,1041666.6666666666,0
78000000,22,15.0,0.0,1,0.0,0,108000.0,3545454.5454545454,0
43000000,46,23.0,0.0,1,0.0,0,70000.0,934782.6086956522,0
124000000,92,21.0,1.0,0,0.0,1,90000.0,1347826.0869565217,1
9800000,18,5.0,1.0,1,0.0,0,12000.0,544444.4444444445,0
183000000,250,20.0,0.0,0,0.0,0,1211000.0,732000.0,1
407520000,286,18.0,1.0,0,1.0,1,2432000.0,1424895.104895105,1
28000000,32,15.0,0.0,1,0.0,0,50000.0,875000.0,0
10000000,9,10.0,1.0,1,0.0,1,14000.0,1111111.111111111,0
380000000,370,15.0,0.0,0,1.0,1,2300000.0,1027027.027027027,1
117000000,103,5.0,0.0,1,0.0,1,78500.0,1135922.3300970874,1
20215000,25,3.0,0.0,1,0.0,0,69600.0,808600.0,0
6000000,12,10.0,0.0,1,0.0,0,19000.0,500000.0,0
56000000,50,2.0,0.0,1,0.0,0,45000.0,1120000.0,0
152000000,213,23.0,0.0,0,1.0,1,126798.0,713615.0234741784,1
35000000,32,30.0,0.0,1,0.0,0,105000.0,1093750.0,0
192200000,256,10.0,0.0,0,0.0,0,819000.0,750781.25,1
3382970,9,5.0,1.0,1,0.0,1,8000.0,375885.55555555556,0
20000000,30,10.0,0.0,1,0.0,1,30000.0,666666.6666666666,0
64457000,70,10.0,0.0,0,0.0,1,31200.0,920814.2857142857,0
69000000,80,13.0,0.0,1,0.0,1,260000.0,862500.0,0
25000000,15,6.0,0.0,1,0.0,1,32000.0,1666666.6666666667,0
17000000,30,5.0,0.0,1,0.0,0,92000.0,566666.6666666666,0
29600000,50,15.0,0.0,0,0.0,0,88000.0,592000.0,0
332000000,335,15.0,1.0,0,1.0,1,1510000.0,991044.776119403,1
38000000,42,10.0,0.0,1,0.0,0,168000.0,904761.9047619047,0
90000000,61,10.0,0.0,0,0.0,0,415000.0,1475409.8360655739,1
55000000,40,5.0,0.0,1,0.0,1,159800.0,1375000.0,0
28000000,10,20.0,0.0,1,0.0,0,25000.0,2800000.0,0
91100000,70,12.0,0.0,1,0.0,1,420000.0,1301428.5714285714,1
9000000,14,40.0,0.0,0,0.0,1,16500.0,642857.1428571428,0
73800000,105,16.0,0.0,0,0.0,1,104000.0,702857.1428571428,0
31000000,54,14.0,0.0,1,0.0,0,108000.0,574074.074074074,0
5000000,6,8.0,0.0,1,0.0,0,12000.0,833333.3333333334,0
17000000,20,6.0,0.0,1,0.0,1,25000.0,850000.0,0
4200000,5,5.0,0.0,1,0.0,1,8000.0,840000.0,0
1636703,8,12.0,0.0,0,0.0,0,31926.0,204587.875,0
145000000,120,16.0,1.0,1,0.0,0,212000.0,1208333.3333333333,1
160100000,160,4.0,0.0,0,0.0,0,1504000.0,1000625.0,1
20451000,40,5.0,0.0,0,0.0,0,25200.0,511275.0,0
44888600,30,5.0,0.0,0,0.0,1,136000.0,1496286.6666666667,0
17000000,16,26.0,1.0,0,0.0,1,15000.0,1062500.0,0
2104800,9,12.0,0.0,0,0.0,0,22800.0,233866.66666666666,0
3000000,5,6.0,1.0,1,0.0,0,15000.0,600000.0,0
46000000,72,5.0,0.0,1,0.0,1,58000.0,638888.8888888889,0
12000000,34,10.0,0.0,1,0.0,1,16000.0,352941.17647058825,0
200000000,305,15.0,0.0,0,0.0,1,200000.0,655737.7049180327,1
5300000,12,4.0,0.0,0,0.0,1,31200.0,441666.6666666667,0
127083400,170,14.0,0.0,0,1.0,0,914000.0,747549.4117647059,1
17249764,95,10.0,0.0,0,0.0,0,29520.0,181576.46315789473,0
27000000,25,10.0,0.0,1,0.0,1,78000.0,1080000.0,0
226000000,185,10.0,1.0,0,1.0,1,620000.0,1221621.6216216215,1
32000000,24,5.0,0.0,1,0.0,1,98000.0,1333333.3333333333,0
270000000,270,13.0,0.0,0,0.0,0,750000.0,1000000.0,1
143000000,40,13.0,0.0,0,0.0,1,115000.0,3575000.0,1
50000000,45,2.0,1.0,1,0.0,0,110000.0,1111111.111111111,0
23000000,26,15.0,0.0,1,0.0,1,38000.0,884615.3846153846,0
33083600,15,18.0,0.0,0,0.0,0,39800.0,2205573.3333333335,0
14373500,10,15.0,0.0,0,0.0,1,13200.0,1437350.0,0
4637542,12,6.0,0.0,1,0.0,0,12952.0,386461.8333333333,0
6589340,34,10.0,0.0,0,0.0,0,11640.0,193804.11764705883,0
44128600,74,12.0,0.0,0,0.0,1,19200.0,596332.4324324324,0
39000000,18,20.0,0.0,0,0.0,1,15000.0,2166666.6666666665,0
21000000,32,5.0,0.0,1,0.0,1,33000.0,656250.0,0
10000000,28,27.0,0.0,0,0.0,0,12000.0,357142.85714285716,0
8000000,12,5.0,1.0,1,0.0,0,38000.0,666666.6666666666,0
133000000,95,18.0,0.0,0,0.0,1,486000.0,1400000.0,1
147236000,210,12.0,0.0,0,0.0,1,148000.0,701123.8095238095,1
2400000,5,3.0,0.0,1,0.0,1,17200.0,480000.0,0
37000000,38,5.0,0.0,1,0.0,0,107500.0,973684.2105263158,0
16000000,24,15.0,0.0,1,0.0,0,32000.0,666666.6666666666,0
20150000,30,5.0,1.0,0,0.0,0,69600.0,671666.6666666666,0
22000000,26,2.0,0.0,1,0.0,0,41000.0,846153.8461538461,0
8000000,10,4.0,1.0,1,0.0,1,20000.0,800000.0,0
25000000,47,3.0,0.0,0,0.0,0,20000.0,531914.8936170213,0
12000000,20,10.0,0.0,1,0.0,0,13200.0,600000.0,0
39000000,42,5.0,0.0,1,0.0,0,16000.0,928571.4285714285,0
7600000,10,4.0,0.0,0,0.0,0,34000.0,760000.0,0
7431829,22,4.0,0.0,0,0.0,0,30000.0,337810.4090909091,0
162000000,150,7.0,0.0,0,0.0,1,156000.0,1080000.0,1
59000000,120,16.0,0.0,0,0.0,0,106000.0,491666.6666666667,0
191700000,202,5.0,0.0,0,0.0,0,5104000.0,949009.9009900991,1
10000000,10,10.0,0.0,1,0.0,1,12000.0,1000000.0,0
26000000,21,15.0,0.0,1,0.0,1,52000.0,1238095.238095238,0
210400000,185,13.0,0.0,0,0.0,0,486400.0,1137297.2972972973,1
30000000,25,6.0,0.0,0,0.0,0,28000.0,1200000.0,0
123400000,65,6.0,0.0,0,0.0,1,1174000.0,1898461.5384615385,1
59431200,80,7.0,0.0,0,1.0,1,25200.0,742890.0,0
177204000,243,10.0,0.0,0,1.0,1,120000.0,729234.5679012346,1
232000000,255,14.0,0.0,1,0.0,1,1012000.0,909803.9215686275,1
3500000,6,11.0,1.0,1,0.0,0,25000.0,583333.3333333334,0
18000000,17,13.0,0.0,1,0.0,1,18000.0,1058823.5294117648,0
400300000,302,15.0,1.0,0,1.0,1,1564000.0,1325496.688741722,1
161500000,140,10.0,0.0,0,0.0,1,660000.0,1153571.4285714286,1
334381000,140,7.0,1.0,0,1.0,1,312000.0,2388435.714285714,1
56000000,60,13.0,0.0,0,0.0,0,109500.0,933333.3333333334,0
10000000,10,5.0,0.0,1,0.0,1,15000.0,1000000.0,0
215000000,118,17.0,1.0,0,0.0,1,311000.0,1822033.8983050848,1
14439360,24,5.0,0.0,0,0.0,0,56000.0,601640.0,0
21000000,10,13.0,0.0,1,0.0,1,8000.0,2100000.0,0
327000000,128,15.0,1.0,0,0.0,1,536000.0,2554687.5,1
6100000,11,3.0,0.0,0,0.0,1,48000.0,554545.4545454546,0
50000000,18,8.0,0.0,1,0.0,0,100000.0,2777777.777777778,0
16000000,25,12.0,1.0,1,0.0,1,19000.0,640000.0,0
120000000,250,16.0,0.0,0,0.0,1,564000.0,480000.0,1
7000000,12,5.0,0.0,1,0.0,1,7000.0,583333.3333333334,0
100000000,39,5.0,0.0,0,0.0,1,20000.0,2564102.564102564,1
67000000,56,5.0,0.0,0,0.0,1,120000.0,1196428.5714285714,0
21000000,35,20.0,1.0,0,0.0,0,7000.0,600000.0,0
64000000,55,21.0,0.0,0,0.0,1,56000.0,1163636.3636363635,0
159000000,150,15.0,0.0,0,1.0,1,360000.0,1060000.0,1
123000000,85,13.0,0.0,0,0.0,0,810000.0,1447058.8235294118,1
13000000,13,18.0,0.0,1,0.0,0,14000.0,1000000.0,0
93000000,263,6.0,0.0,0,0.0,1,796000.0,353612.16730038024,1
9400000,12,5.0,0.0,1,0.0,1,36000.0,783333.3333333334,0
15400000,15,5.0,0.0,1,0.0,1,34000.0,1026666.6666666666,0
73473200,90,8.0,0.0,0,0.0,1,90000.0,816368.8888888889,0
23580918,88,8.0,0.0,1,0.0,0,78648.0,267964.9772727273,0
15000000,21,16.0,0.0,1,0.0,0,53500.0,714285.7142857143,0
25000000,30,9.0,0.0,1,0.0,0,32000.0,833333.3333333334,0
13500000,13,25.0,0.0,1,0.0,1,10000.0,1038461.5384615385,0
195300000,300,14.0,0.0,0,1.0,1,680000.0,651000.0,1
232000000,220,17.0,0.0,0,0.0,0,642000.0,1054545.4545454546,1
53000000,46,5.0,0.0,1,0.0,1,58000.0,1152173.9130434783,0
200000000,140,15.0,0.0,0,0.0,0,112202.0,1428571.4285714286,1
8964000,12,4.0,0.0,1,0.0,0,54000.0,747000.0,0
12000000,15,20.0,0.0,1,0.0,1,15000.0,800000.0,0
640000000,302,20.0,1.0,0,1.0,0,1420000.0,2119205.298013245,1
450000000,320,15.0,0.0,0,1.0,1,103000.0,1406250.0,1
67000000,127,16.0,0.0,0,0.0,0,360000.0,527559.0551181103,0
20000000,18,30.0,0.0,1,0.0,0,56000.0,1111111.111111111,0
231000000,285,17.0,0.0,0,1.0,0,215000.0,810526.3157894737,1
10000000,8,5.0,1.0,1,0.0,1,12000.0,1250000.0,0
13600000,11,4.0,0.0,1,0.0,0,10000.0,1236363.6363636365,0
608624000,258,9.0,1.0,0,1.0,0,1632000.0,2359007.7519379845,1
277000000,158,25.0,0.0,0,1.0,0,685000.0,1753164.5569620254,1
115000000,252,5.0,0.0,0,0.0,0,564000.0,456349.20634920633,1
12000000,13,12.0,0.0,1,0.0,1,9000.0,923076.9230769231,0
230000000,178,13.0,1.0,0,0.0,0,2300000.0,1292134.831460674,1
130000000,120,17.0,1.0,1,0.0,1,175000.0,1083333.3333333333,1
125000000,250,10.0,0.0,0,0.0,0,960000.0,500000.0,1
11000000,15,5.0,0.0,1,0.0,1,17000.0,733333.3333333334,0
5000000,6,8.0,0.0,1,0.0,1,28000.0,833333.3333333334,0
138000000,110,16.0,0.0,1,0.0,1,138000.0,1254545.4545454546,1
56000000,50,15.0,0.0,1,0.0,1,86500.0,1120000.0,0
59000000,82,15.0,0.0,0,0.0,1,182000.0,719512.1951219512,0
23000000,16,12.0,0.0,1,0.0,1,16500.0,1437500.0,0
120000000,87,25.0,1.0,1,0.0,0,56000.0,1379310.3448275863,1
15500000,24,6.0,0.0,1,0.0,0,96800.0,645833.3333333334,0
9800000,16,3.0,1.0,1,0.0,0,28000.0,612500.0,0
5560640,11,20.0,0.0,1,0.0,1,11640.0,505512.7272727273,0
15800000,15,6.0,1.0,1,0.0,0,138400.0,1053333.3333333333,0
28000000,15,5.0,0.0,1,0.0,1,36500.0,1866666.6666666667,0
182700000,188,6.0,0.0,0,0.0,1,480000.0,971808.5106382979,1
19068400,20,20.0,0.0,0,0.0,1,25400.0,953420.0,0
15978400,19,8.0,0.0,0,0.0,1,68000.0,840968.4210526316,0
178500000,172,5.0,0.0,0,0.0,1,1432000.0,1037790.6976744186,1
8139400,53,4.0,0.0,0,0.0,1,22800.0,153573.5849056604,0
120000000,182,16.0,0.0,0,0.0,1,1576000.0,659340.6593406594,1
109000000,78,22.0,0.0,0,1.0,0,30000.0,1397435.8974358975,1
30000000,60,3.0,0.0,1,0.0,0,66200.0,500000.0,0
13000000,17,10.0,0.0,0,0.0,0,10000.0,764705.8823529412,0
41000000,35,12.0,0.0,1,0.0,0,26000.0,1171428.5714285714,0
2949024,10,16.0,0.0,0,0.0,1,54240.0,294902.4,0
136000000,85,12.0,0.0,0,0.0,1,360000.0,1600000.0,1
11000000,12,2.0,0.0,1,0.0,1,25000.0,916666.6666666666,0
52700000,65,14.0,0.0,0,0.0,1,124000.0,810769.2307692308,0
35000000,46,13.0,0.0,1,0.0,1,90000.0,760869.5652173914,0
4000000,6,15.0,0.0,1,0.0,1,9000.0,666666.6666666666,0
3851500,7,10.0,0.0,1,0.0,0,10500.0,550214.2857142857,0
28000000,25,10.0,0.0,1,0.0,1,16000.0,1120000.0,0
10469400,21,2.0,0.0,1,0.0,0,50400.0,498542.85714285716,0
136200000,80,13.0,0.0,0,0.0,0,336000.0,1702500.0,1
7900000,20,1.0,0.0,1,0.0,0,36000.0,395000.0,0
35000000,35,14.0,0.0,1,0.0,1,112000.0,1000000.0,0
12000000,20,3.0,0.0,1,0.0,1,14600.0,600000.0,0
6000000,8,15.0,0.0,1,0.0,0,15000.0,750000.0,0
33000000,28,12.0,1.0,1,0.0,1,66500.0,1178571.4285714286,0
116000000,96,16.0,0.0,0,0.0,0,75000.0,1208333.3333333333,1
230000000,252,10.0,0.0,0,0.0,1,811000.0,912698.4126984127,1
442000000,340,20.0,0.0,0,0.0,0,878000.0,1300000.0,1
44000000,50,12.0,0.0,0,0.0,1,40000.0,880000.0,0
42000000,25,8.0,0.0,0,1.0,1,25500.0,1680000.0,0
17000000,16,6.0,0.0,1,0.0,1,16000.0,1062500.0,0
8000000,9,10.0,0.0,1,0.0,1,16000.0,888888.8888888889,0
9400000,10,3.0,0.0,1,0.0,1,24000.0,940000.0,0
324000000,146,15.0,0.0,1,0.0,0,719000.0,2219178.0821917807,1
27000000,20,15.0,0.0,1,0.0,0,19000.0,1350000.0,0
60482000,50,15.0,1.0,0,0.0,1,128800.0,1209640.0,0
114000000,125,10.0,0.0,1,0.0,0,258000.0,912000.0,1
25953800,30,20.0,0.0,0,0.0,1,16800.0,865126.6666666666,0
22000000,60,15.0,0.0,0,0.0,1,240000.0,366666.6666666667,0
12000000,18,5.0,0.0,0,0.0,0,8000.0,666666.6666666666,0
114000000,70,3.0,1.0,1,0.0,0,389000.0,1628571.4285714286,1
18700000,15,6.0,0.0,1,0.0,0,85200.0,1246666.6666666667,0
17435000,35,12.0,0.0,0,0.0,1,17400.0,498142.85714285716,0
18657000,18,10.0,0.0,0,0.0,1,24000.0,1036500.0,0
30400000,52,10.0,0.0,1,0.0,0,94000.0,584615.3846153846,0
11000000,15,25.0,0.0,1,0.0,1,68000.0,733333.3333333334,0
1791000,5,4.0,0.0,1,0.0,1,9600.0,358200.0,0
120600000,62,6.0,0.0,0,0.0,1,633000.0,1945161.2903225806,1
25000000,17,15.0,1.0,1,0.0,1,48000.0,1470588.2352941176,0
8050000,12,20.0,0.0,1,0.0,1,45600.0,670833.3333333334,0
18200000,27,10.0,0.0,0,0.0,0,23200.0,674074.074074074,0
71525600,78,5.0,0.0,0,0.0,0,144000.0,916994.8717948718,0
45000000,73,17.0,0.0,1,0.0,0,36000.0,616438.3561643836,0
365000000,165,15.0,0.0,0,0.0,1,360000.0,2212121.212121212,1
1593753,5,12.0,0.0,0,1.0,1,11520.0,318750.6,0
3646064,15,6.0,0.0,0,0.0,1,24000.0,243070.93333333332,0
59500000,42,5.0,0.0,0,0.0,1,84000.0,1416666.6666666667,0
148421600,173,12.0,0.0,0,0.0,0,264000.0,857928.323699422,1
183400000,195,14.0,0.0,0,0.0,1,744000.0,940512.8205128205,1
5400000,7,5.0,1.0,1,0.0,0,16000.0,771428.5714285715,0
22400000,47,6.0,0.0,0,0.0,0,40800.0,476595.74468085106,0
38000000,42,5.0,0.0,1,0.0,0,21000.0,904761.9047619047,0
136000000,102,10.0,0.0,1,0.0,1,101000.0,1333333.3333333333,1
112100000,68,15.0,0.0,0,0.0,0,594800.0,1648529.4117647058,1
30000000,18,5.0,0.0,1,0.0,0,20000.0,1666666.6666666667,0
92000000,250,10.0,1.0,0,0.0,0,60000.0,368000.0,1
10000000,14,15.0,0.0,1,0.0,1,31000.0,714285.7142857143,0
12000000,20,5.0,1.0,1,0.0,1,17000.0,600000.0,0
114300000,68,13.0,0.0,0,0.0,1,120000.0,1680882.3529411764,1
23000000,30,15.0,1.0,1,0.0,0,48002.0,766666.6666666666,0
45044000,62,10.0,0.0,0,0.0,0,24000.0,726516.1290322581,0
31000000,28,6.0,0.0,1,0.0,0,30000.0,1107142.857142857,0
12000000,14,8.0,1.0,1,0.0,1,26500.0,857142.8571428572,0
15000000,24,5.0,0.0,1,0.0,0,8000.0,625000.0,0
106000000,260,7.0,1.0,0,0.0,0,316000.0,407692.3076923077,1
64400000,105,17.0,0.0,0,0.0,1,180000.0,613333.3333333334,0
43000000,80,5.0,0.0,0,0.0,1,86456.0,537500.0,0
244000000,262,10.0,1.0,0,1.0,0,625000.0,931297.7099236641,1
11100000,12,6.0,0.0,1,0.0,0,10200.0,925000.0,0
15000000,15,12.0,0.0,1,0.0,0,15000.0,1000000.0,0
142000000,125,3.0,1.0,1,0.0,1,212000.0,1136000.0,1
37900000,35,10.0,0.0,1,0.0,1,386400.0,1082857.142857143,0
123000000,257,15.0,0.0,0,1.0,0,840000.0,478599.2217898833,1
15572000,50,10.0,0.0,0,0.0,0,88000.0,311440.0,0
57700000,105,10.0,0.0,0,0.0,1,240000.0,549523.8095238095,0
8000000,10,20.0,0.0,1,0.0,0,32000.0,800000.0,0
1222708,5,12.0,0.0,1,0.0,0,9000.0,244541.6,0
208000000,180,14.0,0.0,0,0.0,1,1600000.0,1155555.5555555555,1
27000000,24,11.0,0.0,1,0.0,1,81600.0,1125000.0,0
27686400,50,4.0,1.0,0,0.0,0,16800.0,553728.0,0
2685600,12,6.0,1.0,0,0.0,0,20400.0,223800.0,0
6535000,8,30.0,0.0,1,0.0,0,8000.0,816875.0,0
47270000,102,5.0,0.0,0,0.0,0,40000.0,463431.3725490196,0
161200000,150,15.0,0.0,0,0.0,0,360000.0,1074666.6666666667,1
84600000,221,7.0,0.0,0,0.0,0,448000.0,382805.4298642534,0
72200000,142,16.0,0.0,0,0.0,1,156000.0,508450.7042253521,0
38150000,50,9.0,0.0,0,0.0,0,74000.0,763000.0,0
123705920,146,15.0,1.0,0,1.0,1,194400.0,847300.8219178083,1
140000000,102,15.0,0.0,0,0.0,0,217000.0,1372549.0196078431,1
69000000,174,4.0,0.0,0,1.0,0,352000.0,396551.724137931,0
2500000,6,30.0,1.0,1,0.0,1,12000.0,416666.6666666667,0
125000000,255,10.0,1.0,0,0.0,0,115000.0,490196.07843137253,1
99000000,252,5.0,0.0,0,0.0,0,840000.0,392857.14285714284,1
90000000,250,5.0,0.0,1,0.0,1,610000.0,360000.0,1
23000000,18,10.0,0.0,1,0.0,1,46000.0,1277777.7777777778,0
26000000,24,10.0,0.0,1,0.0,1,68000.0,1083333.3333333333,0
121000000,28,5.0,1.0,0,0.0,1,24000.0,4321428.571428572,1
12000000,8,5.0,0.0,1,0.0,0,15200.0,1500000.0,0
2128650,8,4.0,0.0,1,0.0,1,36000.0,266081.25,0
8000000,10,43.0,1.0,0,0.0,0,6500.0,800000.0,0
18000000,14,2.0,0.0,1,0.0,0,12000.0,1285714.2857142857,0
19000000,25,10.0,0.0,0,0.0,1,15000.0,760000.0,0
314900000,273,12.0,0.0,0,1.0,1,1708000.0,1153479.8534798534,1
2507700,14,12.0,0.0,1,0.0,1,5600.0,179121.42857142858,0
71300000,105,8.0,0.0,0,0.0,1,102000.0,679047.619047619,0
13000000,7,2.0,0.0,1,0.0,0,56500.0,1857142.857142857,0
8489600,10,12.0,0.0,0,0.0,0,33600.0,848960.0,0
59970000,105,15.0,0.0,0,0.0,1,105000.0,571142.8571428572,0
8102200,22,10.0,1.0,0,0.0,1,13200.0,368281.8181818182,0
108000000,115,15.0,0.0,1,0.0,0,275000.0,939130.4347826086,1
22000000,20,2.0,0.0,1,0.0,1,15500.0,1100000.0,0
104450156,56,15.0,0.0,1,0.0,0,75500.0,1865181.357142857,1
28000000,18,13.0,0.0,0,0.0,1,39000.0,1555555.5555555555,0
21000000,18,15.0,0.0,1,0.0,1,28000.0,1166666.6666666667,0
75000000,162,8.0,0.0,0,0.0,0,744000.0,462962.962962963,0
230000000,220,23.0,0.0,0,1.0,0,370000.0,1045454.5454545454,1
23000000,31,15.0,0.0,1,0.0,0,15000.0,741935.4838709678,0
152142800,255,18.0,0.0,0,1.0,0,115200.0,596638.431372549,1
120000000,250,5.0,0.0,1,0.0,1,117000.0,480000.0,1
27000000,40,10.0,0.0,1,0.0,1,106000.0,675000.0,0
147000000,255,7.0,0.0,0,0.0,1,980000.0,576470.5882352941,1
133000000,52,3.0,0.0,1,0.0,0,157800.0,2557692.3076923075,1
12000000,15,19.0,0.0,1,0.0,1,28000.0,800000.0,0
3600000,5,9.0,0.0,1,0.0,1,0.0,720000.0,0
128000000,182,14.0,0.0,1,0.0,0,109000.0,703296.7032967033,1
55000000,102,25.0,0.0,1,0.0,1,64000.0,539215.6862745098,0
238000000,270,16.0,0.0,0,0.0,0,425000.0,881481.4814814815,1
32000000,27,10.0,0.0,1,0.0,0,56000.0,1185185.1851851852,0
157400000,150,10.0,0.0,0,1.0,1,160000.0,1049333.3333333333,1
22400000,26,5.0,0.0,1,0.0,0,54000.0,861538.4615384615,0
219000000,256,19.0,0.0,0,0.0,1,332000.0,855468.75,1
170000000,85,20.0,0.0,1,0.0,0,110000.0,2000000.0,1
17000000,14,3.0,0.0,1,0.0,0,28000.0,1214285.7142857143,0
90000000,18,20.0,0.0,0,0.0,1,50000.0,5000000.0,1
165500000,256,7.0,0.0,0,0.0,0,960000.0,646484.375,1
54000000,32,5.0,1.0,1,0.0,0,38000.0,1687500.0,0
4000000,5,8.0,0.0,1,0.0,0,18000.0,800000.0,0
822163000,258,10.0,1.0,0,1.0,1,370000.0,3186678.2945736432,1
35464600,95,5.0,0.0,0,0.0,1,63600.0,373311.5789473684,0
427346800,261,8.0,1.0,0,1.0,0,1704000.0,1637344.061302682,1
30000000,18,15.0,0.0,1,0.0,0,228000.0,1666666.6666666667,0
123000000,103,17.0,0.0,1,0.0,0,159000.0,1194174.7572815535,1
25427600,75,12.0,0.0,0,0.0,1,69600.0,339034.6666666667,0
10498400,24,10.0,0.0,1,0.0,1,50400.0,437433.3333333333,0
20000000,15,3.0,0.0,1,0.0,1,13450.0,1333333.3333333333,0
36000000,35,20.0,0.0,1,0.0,1,510000.0,1028571.4285714285,0
1080000,6,5.0,0.0,1,0.0,1,5500.0,180000.0,0
18000000,30,10.0,0.0,1,0.0,0,30000.0,600000.0,0
19000000,30,10.0,0.0,0,0.0,0,50000.0,633333.3333333334,0
6000000,6,6.0,0.0,1,0.0,0,16000.0,1000000.0,0
6000000,8,15.0,0.0,1,0.0,0,12000.0,750000.0,0
38000000,30,15.0,0.0,1,0.0,0,110000.0,1266666.6666666667,0
25000000,18,5.0,1.0,1,0.0,0,10000.0,1388888.888888889,0
5000000,7,12.0,0.0,1,0.0,0,14500.0,714285.7142857143,0
29000000,17,3.0,0.0,1,0.0,0,13200.0,1705882.3529411764,0
32000000,62,13.0,0.0,0,0.0,0,25000.0,516129.03225806454,0
23000000,65,2.0,0.0,1,0.0,0,16000.0,353846.1538461539,0
9000000,17,5.0,0.0,1,0.0,1,12000.0,529411.7647058824,0
65000000,120,15.0,0.0,0,0.0,0,35430.0,541666.6666666666,0
5000000,8,5.0,0.0,1,0.0,1,7000.0,625000.0,0
5290820,10,10.0,0.0,0,0.0,0,16200.0,529082.0,0
12000000,15,12.0,0.0,0,0.0,1,26000.0,800000.0,0
37000000,72,1.0,0.0,1,0.0,1,15000.0,513888.8888888889,0
1360800,5,10.0,1.0,1,0.0,0,3000.0,272160.0,0
5500000,7,15.0,0.0,1,0.0,0,15000.0,785714.2857142857,0
19000000,15,5.0,0.0,1,0.0,0,57500.0,1266666.6666666667,0
9000000,9,5.0,0.0,1,0.0,0,12000.0,1000000.0,0
1056423,7,20.0,0.0,1,0.0,0,6000.0,150917.57142857142,0
10000000,13,2.0,0.0,1,0.0,0,18000.0,769230.7692307692,0
23000000,62,12.0,0.0,0,0.0,0,24500.0,370967.7419354839,0
11000000,7,7.0,0.0,1,0.0,1,54500.0,1571428.5714285714,0
13000000,8,5.0,0.0,1,0.0,1,16000.0,1625000.0,0
10000000,25,12.0,0.0,1,0.0,0,20800.0,400000.0,0
23000000,21,5.0,1.0,0,0.0,1,45000.0,1095238.0952380951,0
12268647,18,20.0,1.0,0,0.0,1,20000.0,681591.5,0
27000000,20,12.0,0.0,1,0.0,1,21000.0,1350000.0,0
45000000,52,5.0,0.0,1,0.0,1,65000.0,865384.6153846154,0
5000000,9,2.0,0.0,1,0.0,1,15000.0,555555.5555555555,0
32000000,41,10.0,0.0,1,0.0,1,42000.0,780487.8048780488,0
10000000,14,2.0,0.0,1,0.0,1,15000.0,714285.7142857143,0
2500000,5,5.0,0.0,1,0.0,1,12000.0,500000.0,0
21000000,15,5.0,0.0,1,0.0,0,62000.0,1400000.0,0
14000000,11,5.0,0.0,1,0.0,1,16000.0,1272727.2727272727,0
80000000,142,10.0,0.0,1,0.0,1,185000.0,563380.2816901408,0
14000000,12,2.0,0.0,1,0.0,0,17000.0,1166666.6666666667,0
19000000,20,5.0,0.0,1,0.0,1,102000.0,950000.0,0
114000000,52,10.0,0.0,0,0.0,0,40000.0,2192307.6923076925,1
21000000,18,10.0,1.0,1,0.0,1,23000.0,1166666.6666666667,0
17000000,15,5.0,0.0,1,0.0,1,16000.0,1133333.3333333333,0
11000000,12,3.0,0.0,1,0.0,1,18000.0,916666.6666666666,0
33000000,52,2.0,0.0,1,0.0,1,45000.0,634615.3846153846,0
22000000,20,12.0,0.0,1,0.0,0,52000.0,1100000.0,0
3000000,5,3.0,0.0,1,0.0,0,12000.0,600000.0,0
16000000,16,10.0,0.0,1,0.0,1,25000.0,1000000.0,0
1382477,5,5.0,1.0,1,0.0,1,5800.0,276495.4,0
6000000,6,4.0,0.0,1,0.0,0,13000.0,1000000.0,0
35000000,21,12.0,0.0,1,0.0,0,64000.0,1666666.6666666667,0
3000000,5,5.0,0.0,1,0.0,1,56000.0,600000.0,0
7000000,8,4.0,0.0,1,0.0,1,12000.0,875000.0,0
128000000,85,30.0,0.0,0,0.0,1,310000.0,1505882.3529411764,1
1800000,6,8.0,0.0,1,0.0,0,11000.0,300000.0,0
17000000,6,6.0,0.0,1,0.0,0,15000.0,2833333.3333333335,0
2500000,14,9.0,0.0,1,0.0,1,70000.0,178571.42857142858,0
240000000,252,20.0,0.0,0,0.0,1,2511000.0,952380.9523809524,1
150200000,150,8.0,0.0,1,0.0,0,700000.0,1001333.3333333334,1
7500000,6,2.0,1.0,1,0.0,0,23000.0,1250000.0,0
239000000,265,30.0,0.0,1,0.0,1,822102.0,901886.7924528302,1
2300000,6,5.0,1.0,1,0.0,1,6000.0,383333.3333333333,0
6472000,10,10.0,1.0,1,0.0,1,22000.0,647200.0,0
2400000,5,4.0,0.0,1,0.0,0,15000.0,480000.0,0
328000000,300,20.0,0.0,0,0.0,1,1300000.0,1093333.3333333333,1
136000000,105,28.0,0.0,0,0.0,1,600000.0,1295238.0952380951,1
2500000,5,8.0,0.0,1,0.0,0,25000.0,500000.0,0
50000000,33,25.0,0.0,1,0.0,0,176000.0,1515151.5151515151,0
4300000,5,1.0,0.0,1,0.0,0,35000.0,860000.0,0
115000000,100,15.0,0.0,0,0.0,0,545000.0,1150000.0,1
4200000,8,8.0,0.0,1,0.0,1,22000.0,525000.0,0
3800000,6,9.0,0.0,1,0.0,0,19000.0,633333.3333333334,0
315000000,260,30.0,0.0,0,0.0,0,1200000.0,1211538.4615384615,1
215000000,255,28.0,1.0,0,0.0,1,1300000.0,843137.2549019608,1
9000000,8,16.0,1.0,1,0.0,1,38000.0,1125000.0,0
6000000,5,10.0,0.0,1,0.0,1,6000.0,1200000.0,0
7000000,9,12.0,0.0,1,0.0,1,15000.0,777777.7777777778,0
21000000,17,13.0,0.0,1,0.0,0,35600.0,1235294.1176470588,0
65000000,72,13.0,0.0,1,0.0,1,55000.0,902777.7777777778,0
33000000,17,5.0,0.0,1,0.0,1,105500.0,1941176.4705882352,0
12000000,19,7.0,0.0,1,0.0,1,56500.0,631578.947368421,0
19000000,17,5.0,0.0,1,0.0,0,67500.0,1117647.0588235294,0
18000000,17,7.0,0.0,1,0.0,1,36500.0,1058823.5294117648,0
18000000,17,15.0,0.0,1,0.0,1,48000.0,1058823.5294117648,0
315000000,196,2.0,0.0,1,0.0,1,618000.0,1607142.857142857,1
17000000,6,3.0,1.0,1,0.0,0,24500.0,2833333.3333333335,0
19000000,15,2.0,0.0,1,0.0,0,26500.0,1266666.6666666667,0
11000000,12,3.0,0.0,1,0.0,0,26500.0,916666.6666666666,0
16000000,12,3.0,0.0,1,0.0,0,18000.0,1333333.3333333333,0
18000000,10,6.0,0.0,1,0.0,0,44500.0,1800000.0,0
26000000,52,12.0,0.0,1,0.0,0,65000.0,500000.0,0
2000000,8,3.0,0.0,1,0.0,0,4500.0,250000.0,0
23000000,36,11.0,0.0,1,0.0,1,40000.0,638888.8888888889,0
2500000,7,5.0,0.0,1,1.0,1,10000.0,357142.85714285716,0
6000000,8,10.0,0.0,1,0.0,0,18000.0,750000.0,0
3800000,10,9.0,0.0,1,0.0,0,20000.0,380000.0,0
2000000,8,15.0,0.0,1,0.0,1,7000.0,250000.0,0
5000000,7,10.0,0.0,1,0.0,0,20000.0,714285.7142857143,0
411500000,388,9.0,1.0,0,1.0,0,600000.0,1060567.0103092783,1
4200000,5,3.0,0.0,1,0.0,1,18000.0,840000.0,0
3000000,7,11.0,0.0,1,0.0,1,132400.0,428571.4285714286,0
297000000,238,14.0,0.0,1,1.0,1,960000.0,1247899.1596638656,1
421300000,327,25.0,1.0,0,0.0,0,2840000.0,1288379.2048929664,1
132000000,252,16.0,0.0,0,0.0,1,552000.0,523809.5238095238,1
73000000,132,15.0,0.0,0,0.0,0,680000.0,553030.303030303,0
56200000,74,10.0,0.0,1,0.0,0,280000.0,759459.4594594594,0
5500000,6,8.0,0.0,1,0.0,0,19600.0,916666.6666666666,0
323000000,324,16.0,0.0,0,1.0,0,756000.0,996913.5802469136,1
6800000,7,13.0,1.0,1,0.0,1,28000.0,971428.5714285715,0
388500000,300,14.0,1.0,0,1.0,0,2720000.0,1295000.0,1
1400000000,1680,18.0,1.0,0,1.0,0,5720000.0,833333.3333333334,1
620000000,260,24.0,0.0,0,1.0,1,1732000.0,2384615.3846153845,1
13000000,10,12.0,0.0,1,0.0,0,26600.0,1300000.0,0
274000000,273,17.0,1.0,0,0.0,1,1648000.0,1003663.0036630037,1
507800000,336,26.0,1.0,0,1.0,0,1732000.0,1511309.5238095238,1
5500000,6,6.0,0.0,1,0.0,1,34800.0,916666.6666666666,0
311800000,152,15.0,0.0,0,1.0,1,1300000.0,2051315.7894736843,1
13500000,8,1.0,0.0,1,0.0,0,26000.0,1687500.0,0
18000000,15,15.0,0.0,1,0.0,1,30000.0,1200000.0,0
38000000,19,5.0,0.0,1,0.0,1,56000.0,2000000.0,0
29000000,25,20.0,0.0,1,0.0,1,59000.0,1160000.0,0
31000000,20,5.0,0.0,1,0.0,1,15000.0,1550000.0,0
43000000,52,7.0,0.0,1,0.0,1,23000.0,826923.0769230769,0
12000000,15,5.0,1.0,1,0.0,0,25000.0,800000.0,0
16000000,25,15.0,0.0,1,0.0,1,34500.0,640000.0,0
40000000,25,30.0,0.0,1,0.0,1,110000.0,1600000.0,0
19000000,20,3.0,0.0,1,0.0,0,40000.0,950000.0,0
20000000,20,30.0,0.0,1,0.0,0,10000.0,1000000.0,0
27000000,20,5.0,0.0,1,0.0,1,108000.0,1350000.0,0
9000000,8,2.0,0.0,1,0.0,0,45000.0,1125000.0,0
5800000,15,5.0,0.0,1,0.0,0,8500.0,386666.6666666667,0
14000000,15,10.0,0.0,1,0.0,1,46000.0,933333.3333333334,0
35000000,20,5.0,0.0,0,0.0,1,16000.0,1750000.0,0
16000000,32,5.0,0.0,1,0.0,0,21000.0,500000.0,0
8000000,8,5.0,0.0,1,0.0,0,16000.0,1000000.0,0
2500000,5,4.0,1.0,1,0.0,0,8500.0,500000.0,0
10000000,15,5.0,0.0,1,0.0,1,13000.0,666666.6666666666,0
13000000,11,20.0,0.0,1,0.0,0,14000.0,1181818.1818181819,0
11000000,8,3.0,1.0,1,0.0,1,15000.0,1375000.0,0
35000000,26,15.0,0.0,1,0.0,1,36000.0,1346153.8461538462,0
9000000,11,13.0,0.0,1,0.0,0,15000.0,818181.8181818182,0
130000000,210,35.0,0.0,0,0.0,1,451000.0,619047.619047619,1
132000000,205,10.0,0.0,0,0.0,0,411000.0,643902.4390243902,1
134500000,71,4.0,0.0,0,0.0,0,644000.0,1894366.1971830986,1
255000000,345,12.0,0.0,0,0.0,0,429000.0,739130.4347826086,1
130000000,82,10.0,0.0,0,0.0,1,20000.0,1585365.8536585367,1
345000000,313,4.0,1.0,0,0.0,0,116000.0,1102236.4217252396,1
90000000,18,8.0,0.0,1,0.0,1,15000.0,5000000.0,1
72000000,168,5.0,0.0,0,0.0,0,360000.0,428571.4285714286,0
55000000,32,5.0,0.0,1,0.0,1,110000.0,1718750.0,0
12000000,9,5.0,0.0,1,0.0,1,16200.0,1333333.3333333333,0
100800000,212,3.0,0.0,0,0.0,1,376000.0,475471.69811320753,1
45000000,18,3.0,0.0,1,0.0,1,12000.0,2500000.0,0
26000000,15,5.0,0.0,1,0.0,0,19000.0,1733333.3333333333,0
18000000,35,6.0,0.0,1,0.0,0,110000.0,514285.71428571426,0
245000000,260,10.0,0.0,0,0.0,0,420000.0,942307.6923076923,1
5045000,11,18.0,0.0,1,0.0,1,19200.0,458636.36363636365,0
7497000,14,5.0,1.0,1,0.0,1,36000.0,535500.0,0
119000000,252,4.0,0.0,0,0.0,1,720000.0,472222.22222222225,1
117500000,269,6.0,0.0,0,0.0,0,840000.0,436802.97397769516,1
25000000,38,5.0,0.0,0,0.0,1,96000.0,657894.7368421053,0
53000000,105,8.0,0.0,0,0.0,0,512000.0,504761.90476190473,0
10000000,11,5.0,0.0,1,0.0,0,5000.0,909090.9090909091,0
8000000,29,8.0,0.0,1,0.0,1,8000.0,275862.0689655172,0
4800000,10,5.0,0.0,1,0.0,0,16000.0,480000.0,0
23000000,29,10.0,0.0,0,0.0,1,15000.0,793103.448275862,0
20000000,15,15.0,0.0,1,0.0,1,20000.0,1333333.3333333333,0
600000000,120,6.0,0.0,1,0.0,0,2000000.0,5000000.0,1
200000000,180,20.0,0.0,0,0.0,1,50000.0,1111111.111111111,1
10000000,8,5.0,0.0,1,0.0,1,16000.0,1250000.0,0
18000000,27,7.0,0.0,1,0.0,0,55000.0,666666.6666666666,0
180000000,126,15.0,0.0,0,0.0,1,20000.0,1428571.4285714286,1
5423000,5,7.0,1.0,1,0.0,1,8000.0,1084600.0,0
130000000,75,30.0,1.0,0,0.0,1,200000.0,1733333.3333333333,1
150000000,87,15.0,1.0,0,1.0,1,100000.0,1724137.9310344828,1
150000000,129,15.0,0.0,1,0.0,1,110000.0,1162790.6976744186,1
50000000,128,10.0,1.0,0,0.0,0,155000.0,390625.0,0
60000000,24,6.0,1.0,0,0.0,0,40000.0,2500000.0,0
15000000,8,40.0,0.0,1,0.0,1,13000.0,1875000.0,0
2000000,8,25.0,0.0,1,0.0,1,8000.0,250000.0,0
130000000,40,15.0,0.0,0,0.0,0,250000.0,3250000.0,1
2000000,5,20.0,0.0,1,0.0,1,4500.0,400000.0,0
20000000,17,10.0,0.0,1,0.0,1,30000.0,1176470.5882352942,0
1480000,6,15.0,0.0,1,0.0,0,9000.0,246666.66666666666,0
123000000,82,5.0,0.0,1,0.0,0,911000.0,1500000.0,1
435000000,305,30.0,1.0,0,1.0,1,861100.0,1426229.5081967213,1
124000000,134,5.0,0.0,0,0.0,1,612000.0,925373.1343283582,1
1800000,11,3.0,0.0,1,0.0,1,12000.0,163636.36363636365,0
5000000,8,13.0,0.0,1,0.0,1,6500.0,625000.0,0
18000000,32,5.0,0.0,1,0.0,1,111000.0,562500.0,0
9000000,18,8.0,0.0,1,0.0,1,6000.0,500000.0,0
40000000,15,3.0,0.0,1,1.0,0,200000.0,2666666.6666666665,0
35000000,30,3.0,0.0,1,0.0,1,108000.0,1166666.6666666667,0
15000000,27,15.0,0.0,1,0.0,1,17000.0,555555.5555555555,0
41000000,50,12.0,0.0,0,0.0,0,60000.0,820000.0,0
4500000,12,5.0,0.0,1,0.0,0,28000.0,375000.0,0
4350000,7,10.0,0.0,1,0.0,0,11500.0,621428.5714285715,0
343000000,254,10.0,0.0,0,0.0,0,190000.0,1350393.7007874015,1
224000000,120,15.0,0.0,0,0.0,0,180000.0,1866666.6666666667,1
77000000,102,1.0,0.0,0,0.0,0,47000.0,754901.9607843137,0
15000000,15,5.0,0.0,1,0.0,1,15000.0,1000000.0,0
4000000,6,15.0,0.0,1,0.0,1,8000.0,666666.6666666666,0
100000000,104,12.0,0.0,0,0.0,0,98000.0,961538.4615384615,1
6000000,15,10.0,1.0,1,0.0,0,28000.0,400000.0,0
320000000,280,25.0,0.0,0,0.0,1,650000.0,1142857.142857143,1
9000000,21,4.0,0.0,0,0.0,1,84000.0,428571.4285714286,0
236000000,175,13.0,1.0,1,0.0,0,510000.0,1348571.4285714286,1
29000000,38,30.0,0.0,1,0.0,1,111000.0,763157.8947368421,0
235000000,152,12.0,0.0,0,0.0,0,108000.0,1546052.6315789474,1
2500000,6,13.0,0.0,1,0.0,0,11200.0,416666.6666666667,0
1800000,8,8.0,0.0,1,0.0,0,21000.0,225000.0,0
12000000,15,5.0,0.0,1,0.0,0,6000.0,800000.0,0
12000000,6,5.0,0.0,1,0.0,1,25000.0,2000000.0,0
15000000,13,5.0,1.0,1,0.0,0,16000.0,1153846.1538461538,0
2125000,6,15.0,0.0,1,0.0,1,8000.0,354166.6666666667,0
1700000,6,5.0,0.0,1,0.0,1,8000.0,283333.3333333333,0
5000000,10,20.0,0.0,1,0.0,0,9000.0,500000.0,0
8000000,10,5.0,1.0,1,0.0,0,7000.0,800000.0,0
127000000,44,10.0,0.0,0,0.0,1,21000.0,2886363.6363636362,1
29000000,50,20.0,0.0,0,0.0,0,80000.0,580000.0,0
17000000,27,6.0,0.0,1,0.0,1,16500.0,629629.6296296297,0
34000000,60,10.0,0.0,1,0.0,0,321000.0,566666.6666666666,0
15000000,20,13.0,0.0,1,0.0,0,13200.0,750000.0,0
126000000,120,20.0,0.0,0,0.0,1,135000.0,1050000.0,1
76000000,117,15.0,0.0,1,0.0,1,118000.0,649572.6495726496,0
340000000,270,25.0,1.0,0,1.0,0,385000.0,1259259.2592592593,1
15000000,15,10.0,0.0,1,0.0,1,28000.0,1000000.0,0
9000000,12,6.0,0.0,1,0.0,1,12500.0,750000.0,0
56700000,118,3.0,0.0,0,0.0,0,336000.0,480508.4745762712,0
12000000,12,18.0,0.0,1,0.0,1,15300.0,1000000.0,0
83800000,205,6.0,0.0,0,0.0,0,612000.0,408780.48780487804,0
67000000,32,15.0,1.0,1,0.0,1,98000.0,2093750.0,0
16000000,10,20.0,0.0,1,0.0,0,36500.0,1600000.0,0
12000000,15,12.0,0.0,1,0.0,0,10000.0,800000.0,0
5000000,6,5.0,0.0,1,0.0,0,17000.0,833333.3333333334,0
11000000,12,7.0,0.0,1,0.0,1,26000.0,916666.6666666666,0
46000000,102,16.0,0.0,1,0.0,1,645000.0,450980.39215686277,0
39000000,105,13.0,0.0,1,0.0,1,98000.0,371428.5714285714,0
143000000,148,15.0,0.0,0,0.0,0,236000.0,966216.2162162162,1
52334070,100,6.0,0.0,1,1.0,0,732000.0,523340.7,0
12000000,8,12.0,0.0,1,0.0,0,36500.0,1500000.0,0
16000000,14,20.0,0.0,1,0.0,1,32000.0,1142857.142857143,0
7000000,8,5.0,0.0,1,0.0,0,36000.0,875000.0,0
19000000,18,13.0,0.0,1,0.0,0,38000.0,1055555.5555555555,0
18000000,32,9.0,0.0,1,0.0,1,48000.0,562500.0,0
87800000,156,4.0,0.0,0,0.0,1,588000.0,562820.5128205129,0
12000000,12,3.0,0.0,1,0.0,1,13000.0,1000000.0,0
64500000,145,6.0,0.0,0,1.0,1,168000.0,444827.5862068966,0
97000000,145,1.0,0.0,0,1.0,1,804000.0,668965.5172413794,1
230000000,270,25.0,0.0,0,0.0,1,1612000.0,851851.8518518518,1
123000000,288,6.0,0.0,0,0.0,0,816000.0,427083.3333333333,1
108800000,254,12.0,0.0,0,0.0,0,768000.0,428346.4566929134,1
55500000,125,4.0,0.0,0,0.0,1,564000.0,444000.0,0
52000000,100,5.0,0.0,1,0.0,0,311000.0,520000.0,0
215000000,256,1.0,0.0,0,0.0,1,1700000.0,839843.75,1
332000000,262,15.0,0.0,0,1.0,1,318000.0,1267175.572519084,1
18000000,14,3.0,0.0,1,0.0,1,68000.0,1285714.2857142857,0
19000000,32,15.0,0.0,1,0.0,0,90000.0,593750.0,0
233000000,252,5.0,0.0,0,1.0,1,410000.0,924603.1746031746,1
335000000,262,6.0,0.0,0,1.0,0,321000.0,1278625.9541984734,1
213000000,152,16.0,0.0,0,0.0,0,176500.0,1401315.7894736843,1
234000000,260,8.0,0.0,0,0.0,0,236000.0,900000.0,1
19000000,12,12.0,0.0,1,0.0,0,48000.0,1583333.3333333333,0
28000000,10,24.0,0.0,1,0.0,0,43000.0,2800000.0,0
49000000,68,5.0,0.0,1,0.0,0,22400.0,720588.2352941176,0
335000000,242,5.0,0.0,0,1.0,0,258000.0,1384297.520661157,1
334000000,255,30.0,0.0,0,1.0,0,820000.0,1309803.9215686275,1
161000000,252,4.0,0.0,1,1.0,1,216000.0,638888.8888888889,1
6000000,6,3.0,0.0,1,0.0,1,36000.0,1000000.0,0
4600000,7,6.0,0.0,1,0.0,0,50400.0,657142.8571428572,0
41284000,50,7.0,0.0,1,0.0,0,456000.0,825680.0,0
370800000,185,24.0,1.0,0,1.0,0,528000.0,2004324.3243243243,1
221100000,273,6.0,0.0,0,1.0,1,420000.0,809890.1098901099,1
25000000,13,14.0,0.0,1,0.0,1,45600.0,1923076.923076923,0
420000000,312,8.0,0.0,0,1.0,1,1050000.0,1346153.8461538462,1
121000000,44,6.0,0.0,1,0.0,1,57200.0,2750000.0,1
314000000,260,10.0,0.0,0,1.0,0,1000000.0,1207692.3076923077,1
76270000,68,9.0,0.0,0,0.0,0,37900.0,1121617.6470588236,0
392500000,300,16.0,0.0,0,1.0,0,460000.0,1308333.3333333333,1
169500000,200,14.0,0.0,0,1.0,0,120000.0,847500.0,1
146200000,150,11.0,0.0,0,1.0,1,204000.0,974666.6666666666,1
49700000,132,9.0,0.0,0,0.0,0,660000.0,376515.1515151515,0
199000000,293,7.0,0.0,0,1.0,0,960000.0,679180.8873720136,1
136200000,150,10.0,0.0,0,1.0,1,280000.0,908000.0,1
19500000,45,8.0,0.0,1,0.0,0,90000.0,433333.3333333333,0
508000000,255,6.0,0.0,0,1.0,0,348000.0,1992156.862745098,1
308500000,300,6.0,0.0,0,1.0,0,1100000.0,1028333.3333333334,1
498000000,300,9.0,0.0,0,1.0,0,560000.0,1660000.0,1
495000000,360,15.0,1.0,0,1.0,1,912000.0,1375000.0,1
77400000,150,15.0,0.0,0,1.0,1,212000.0,516000.0,0
21450000,30,15.0,0.0,1,0.0,0,62000.0,715000.0,0
39000000,50,8.0,0.0,0,0.0,1,87000.0,780000.0,0
59400000,150,15.0,0.0,0,1.0,1,120000.0,396000.0,0
32180000,50,9.0,0.0,0,0.0,1,72000.0,643600.0,0
56120000,50,10.0,0.0,0,0.0,0,84000.0,1122400.0,0
3715000,5,6.0,0.0,1,0.0,1,54000.0,743000.0,0
38700000,50,7.0,0.0,0,0.0,0,28000.0,774000.0,0
260000000,150,16.0,0.0,0,1.0,0,268000.0,1733333.3333333333,1
9200000,12,6.0,0.0,1,0.0,1,82800.0,766666.6666666666,0
299370000,300,15.0,0.0,0,1.0,0,680000.0,997900.0,1
20000000,48,15.0,0.0,1,0.0,1,96000.0,416666.6666666667,0
397000000,285,10.0,1.0,0,1.0,0,325000.0,1392982.4561403508,1
97500000,150,2.0,0.0,0,1.0,1,228000.0,650000.0,1
3800000,5,4.0,0.0,1,0.0,0,40800.0,760000.0,0
391200000,302,15.0,0.0,0,1.0,0,872000.0,1295364.238410596,1
497000000,285,20.0,1.0,0,1.0,0,564000.0,1743859.649122807,1
16900000,15,6.0,0.0,0,0.0,1,62000.0,1126666.6666666667,0
13672000,8,8.0,0.0,1,0.0,0,42000.0,1709000.0,0
6500000,12,1.0,0.0,1,0.0,0,84000.0,541666.6666666666,0
43200000,88,10.0,0.0,1,0.0,1,180000.0,490909.0909090909,0
7600000,15,4.0,0.0,1,0.0,0,166000.0,506666.6666666667,0
6000000,8,4.0,0.0,0,0.0,1,126000.0,750000.0,0
244000000,288,5.0,0.0,0,1.0,1,2400000.0,847222.2222222222,1
7000000,13,4.0,0.0,0,0.0,1,99600.0,538461.5384615385,0
220800000,270,6.0,0.0,0,0.0,1,888000.0,817777.7777777778,1
72000000,137,7.0,1.0,0,0.0,0,1440000.0,525547.4452554744,0
8900000,17,10.0,0.0,1,0.0,0,276000.0,523529.4117647059,0
730000000,302,6.0,1.0,0,1.0,0,1170000.0,2417218.5430463576,1
6200000,10,3.0,0.0,1,0.0,0,150400.0,620000.0,0
19800000,19,3.0,0.0,1,0.0,0,325000.0,1042105.2631578947,0
7000000,15,4.0,0.0,1,0.0,1,84000.0,466666.6666666667,0
11527000,27,3.0,0.0,1,0.0,1,96000.0,426925.9259259259,0
6400000,6,3.0,1.0,1,0.0,1,44400.0,1066666.6666666667,0
4800000,8,3.0,0.0,1,0.0,0,60000.0,600000.0,0
146000000,127,6.0,0.0,0,0.0,1,360000.0,1149606.2992125985,1
8500000,17,5.0,0.0,0,0.0,0,54000.0,500000.0,0
8300000,10,3.0,0.0,1,0.0,1,78000.0,830000.0,0
4190000,9,3.0,0.0,1,0.0,0,46800.0,465555.55555555556,0
8800000,19,5.0,0.0,0,0.0,1,108000.0,463157.8947368421,0
163500000,194,10.0,0.0,0,0.0,1,480000.0,842783.5051546391,1
4862600,7,3.0,0.0,1,0.0,1,45600.0,694657.1428571428,0
402200000,311,6.0,0.0,0,0.0,0,696000.0,1293247.5884244372,1
5642000,7,3.0,0.0,1,0.0,0,32400.0,806000.0,0
175475600,263,4.0,0.0,0,1.0,0,426000.0,667207.6045627376,1
183640000,258,5.0,0.0,0,0.0,0,516000.0,711782.9457364341,1
387900000,278,6.0,0.0,0,0.0,1,696000.0,1395323.7410071942,1
285282000,286,4.0,0.0,0,1.0,0,756000.0,997489.5104895105,1
424000000,404,12.0,1.0,0,1.0,1,900000.0,1049504.9504950496,1
208600000,278,15.0,0.0,0,1.0,1,720000.0,750359.7122302158,1
176820600,273,8.0,0.0,0,0.0,0,516000.0,647694.5054945055,1
395425000,299,15.0,0.0,0,0.0,0,840000.0,1322491.6387959865,1
7695000,10,3.0,0.0,1,0.0,1,48000.0,769500.0,0
342147000,364,8.0,0.0,0,1.0,0,108000.0,939964.2857142857,1
557500000,279,10.0,1.0,0,1.0,1,1672000.0,1998207.8853046596,1
193756000,269,3.0,0.0,0,1.0,1,152000.0,720282.5278810409,1
390000000,265,10.0,0.0,0,1.0,1,550000.0,1471698.1132075472,1
173981200,266,4.0,0.0,0,1.0,1,110000.0,654064.6616541353,1
276307200,256,15.0,0.0,0,1.0,0,60000.0,1079325.0,1
4427000,5,2.0,0.0,1,0.0,0,10000.0,885400.0,0
105000000,60,30.0,0.0,0,0.0,1,110000.0,1750000.0,1
4500000,6,10.0,1.0,1,0.0,1,4000.0,750000.0,0
40000000,40,10.0,0.0,1,0.0,1,71000.0,1000000.0,0
239000000,180,20.0,1.0,0,0.0,1,611000.0,1327777.7777777778,1
17000000,15,10.0,0.0,1,0.0,1,35000.0,1133333.3333333333,0
75000000,70,12.0,0.0,1,0.0,1,310000.0,1071428.5714285714,0
6520000,5,8.0,0.0,1,0.0,1,18000.0,1304000.0,0
5800000,5,20.0,0.0,1,0.0,0,9000.0,1160000.0,0
2700000,11,12.0,1.0,1,0.0,0,5000.0,245454.54545454544,0
9000000,7,8.0,1.0,1,0.0,1,7800.0,1285714.2857142857,0
72000000,25,12.0,1.0,0,1.0,1,47000.0,2880000.0,0
7500000,5,6.0,0.0,1,0.0,0,12000.0,1500000.0,0
300000000,300,20.0,0.0,0,0.0,1,1811000.0,1000000.0,1
227000000,155,30.0,0.0,0,0.0,1,410000.0,1464516.1290322582,1
31000000,35,10.0,0.0,0,0.0,1,110000.0,885714.2857142857,0
332000000,253,5.0,0.0,1,0.0,1,712000.0,1312252.9644268774,1
539000000,260,20.0,1.0,0,0.0,1,1311000.0,2073076.923076923,1
102000000,85,20.0,0.0,0,0.0,0,115000.0,1200000.0,1
130000000,75,10.0,0.0,0,0.0,0,780000.0,1733333.3333333333,1
440000000,210,25.0,0.0,0,0.0,1,911000.0,2095238.0952380951,1
6000000,10,15.0,1.0,1,0.0,1,39000.0,600000.0,0
43000000,28,25.0,0.0,1,0.0,1,30000.0,1535714.2857142857,0
11000000,13,5.0,0.0,1,0.0,1,35600.0,846153.8461538461,0
125000000,85,6.0,0.0,0,0.0,1,310000.0,1470588.2352941176,1
336000000,310,15.0,0.0,0,0.0,0,1211000.0,1083870.9677419355,1
22000000,35,10.0,0.0,0,0.0,0,110000.0,628571.4285714285,0
7000000,10,10.0,1.0,1,0.0,0,25000.0,700000.0,0
20000000,40,15.0,0.0,1,0.0,0,410000.0,500000.0,0
134000000,205,30.0,0.0,0,0.0,1,211000.0,653658.5365853659,1
132000000,160,30.0,0.0,0,0.0,1,511000.0,825000.0,1
128000000,65,20.0,0.0,1,0.0,1,110000.0,1969230.7692307692,1
37000000,35,15.0,0.0,0,0.0,0,29000.0,1057142.857142857,0
26000000,32,6.0,0.0,1,0.0,1,38000.0,812500.0,0
130000000,160,20.0,0.0,0,0.0,1,311000.0,812500.0,1
400000000,310,30.0,0.0,0,0.0,0,1511000.0,1290322.5806451612,1
14000000,18,5.0,0.0,1,0.0,0,36500.0,777777.7777777778,0
28000000,30,20.0,0.0,0,0.0,0,35000.0,933333.3333333334,0
12000000,7,5.0,0.0,1,0.0,0,26500.0,1714285.7142857143,0
132000000,215,20.0,0.0,1,0.0,0,651000.0,613953.4883720931,1
130000000,252,6.0,0.0,1,0.0,0,157850.0,515873.01587301586,1
64000000,111,7.0,0.0,1,0.0,1,310000.0,576576.5765765766,0
125000000,75,30.0,0.0,0,0.0,0,311000.0,1666666.6666666667,1
59000000,75,25.0,0.0,0,0.0,0,110000.0,786666.6666666666,0
335000000,300,40.0,0.0,0,1.0,0,1312000.0,1116666.6666666667,1
337000000,250,30.0,1.0,0,1.0,0,1511000.0,1348000.0,1
45000000,60,9.0,0.0,0,0.0,0,230000.0,750000.0,0
39000000,18,25.0,0.0,1,0.0,1,89000.0,2166666.6666666665,0
540000000,360,15.0,0.0,0,0.0,0,2311000.0,1500000.0,1
130000000,155,10.0,1.0,0,0.0,0,1051100.0,838709.6774193548,1
230000000,210,15.0,0.0,0,0.0,1,521000.0,1095238.0952380951,1
16000000,27,6.0,0.0,1,0.0,0,50000.0,592592.5925925926,0
236000000,310,15.0,1.0,0,1.0,1,1551000.0,761290.3225806452,1
8000000,30,7.0,0.0,0,0.0,1,8000.0,266666.6666666667,0
219404000,245,11.0,0.0,0,1.0,0,114000.0,895526.5306122449,1
54400000,38,5.0,0.0,1,0.0,0,150000.0,1431578.9473684211,0
380000,5,4.0,0.0,1,0.0,1,2640.0,76000.0,0
6100000,12,5.0,0.0,0,0.0,1,62000.0,508333.3333333333,0
2840000,10,4.0,0.0,0,0.0,1,4000.0,284000.0,0
1066800,5,4.0,0.0,1,0.0,1,22000.0,213360.0,0
116995200,55,6.0,0.0,0,0.0,1,65000.0,2127185.4545454546,1
4518744,15,12.0,0.0,1,0.0,0,29556.0,301249.6,0
3511583,16,7.0,0.0,1,0.0,1,29616.0,219473.9375,0
5320000,7,3.0,0.0,1,0.0,0,22200.0,760000.0,0
5320600,8,5.0,1.0,1,0.0,1,43200.0,665075.0,0
71514000,193,4.0,0.0,0,0.0,0,720000.0,370538.86010362697,0
128468000,172,10.0,0.0,0,1.0,1,224000.0,746906.976744186,1
146997464,236,35.0,0.0,0,0.0,0,247716.0,622870.6101694915,1
40000000,17,5.0,0.0,1,0.0,1,70000.0,2352941.1764705884,0
128000000,180,8.0,0.0,1,0.0,0,150000.0,711111.1111111111,1
160893000,150,4.0,1.0,0,0.0,1,102000.0,1072620.0,1
39472000,107,4.0,0.0,0,0.0,0,438000.0,368897.19626168226,0
47308000,146,18.0,0.0,0,0.0,0,144000.0,324027.397260274,0
78890000,127,10.0,0.0,0,1.0,1,312000.0,621181.1023622047,0
75071200,146,6.0,0.0,0,0.0,1,324000.0,514186.30136986304,0
5043000,30,7.0,0.0,0,0.0,1,12000.0,168100.0,0
8223388,26,9.0,0.0,0,0.0,0,52764.0,316284.1538461539,0
47107000,40,15.0,0.0,0,1.0,1,108000.0,1177675.0,0
8180200,30,11.0,0.0,0,0.0,0,19200.0,272673.3333333333,0
155301600,205,20.0,1.0,0,1.0,1,369000.0,757568.7804878049,1
1726120,6,5.0,1.0,1,0.0,0,6800.0,287686.6666666667,0
54123400,73,10.0,0.0,0,0.0,0,44400.0,741416.4383561644,0
1001200,8,5.0,0.0,1,0.0,1,13200.0,125150.0,0
20678700,45,16.0,0.0,0,0.0,1,36000.0,459526.6666666667,0
160897522,225,15.0,0.0,0,1.0,0,489758.0,715100.0977777778,1
1204632,5,4.0,0.0,1,0.0,0,6500.0,240926.4,0
124540400,137,20.0,0.0,0,1.0,0,24000.0,909054.0145985401,1
12348400,10,12.0,0.0,0,0.0,1,31000.0,1234840.0,0
3568200,15,20.0,1.0,0,0.0,0,42000.0,237880.0,0
5796600,30,4.0,0.0,1,0.0,0,21600.0,193220.0,0
12834076,14,5.0,0.0,1,0.0,1,18000.0,916719.7142857143,0
54760400,153,6.0,0.0,1,1.0,1,176000.0,357911.1111111111,0
260928000,210,18.0,0.0,0,0.0,0,708000.0,1242514.2857142857,1
9340400,32,8.0,0.0,0,1.0,1,216000.0,291887.5,0
1096616,5,20.0,0.0,1,0.0,0,7000.0,219323.2,0
31119000,30,4.0,0.0,0,0.0,1,144000.0,1037300.0,0
6089400,11,5.0,0.0,1,0.0,0,36000.0,553581.8181818182,0
1920260,10,3.0,0.0,1,0.0,1,9500.0,192026.0,0
6013800,10,3.0,0.0,1,0.0,0,46800.0,601380.0,0
63082400,100,5.0,1.0,0,0.0,1,158400.0,630824.0,0
3334992,10,4.0,0.0,1,0.0,1,112000.0,333499.2,0
51107013,233,6.0,0.0,0,1.0,0,180000.0,219343.4034334764,0
822000000,292,20.0,0.0,0,1.0,0,2376000.0,2815068.493150685,1
5865000,30,17.0,0.0,0,0.0,0,50400.0,195500.0,0
30460600,148,12.0,0.0,0,0.0,1,240000.0,205814.86486486485,0
130643000,194,15.0,0.0,0,1.0,0,1355200.0,673417.5257731959,1
5492650,38,12.0,0.0,0,0.0,1,51600.0,144543.42105263157,0
4431200,27,18.0,0.0,0,0.0,1,49200.0,164118.5185185185,0
30000000,80,6.0,0.0,1,0.0,1,90000.0,375000.0,0
812000,5,12.0,0.0,1,0.0,0,4200.0,162400.0,0
59162200,152,12.0,0.0,0,0.0,1,90000.0,389225.0,0
50057600,109,11.0,0.0,0,1.0,0,153600.0,459244.0366972477,0
5464600,9,3.0,1.0,1,0.0,1,63600.0,607177.7777777778,0
4725400,5,4.0,0.0,0,0.0,0,20400.0,945080.0,0
3705800,5,3.0,1.0,1,0.0,0,22800.0,741160.0,0
133682000,256,4.0,0.0,0,1.0,1,240000.0,522195.3125,1
50000000,146,10.0,0.0,0,0.0,1,450000.0,342465.7534246575,0
2086000,5,12.0,1.0,1,0.0,1,13200.0,417200.0,0
8601400,12,4.0,1.0,1,1.0,1,38400.0,716783.3333333334,0
70630000,163,6.0,0.0,0,1.0,1,336000.0,433312.8834355828,0
3723500,5,3.0,0.0,1,0.0,1,33600.0,744700.0,0
1088200,7,10.0,0.0,1,0.0,0,22800.0,155457.14285714287,0
13252700,16,10.0,1.0,0,0.0,0,25200.0,828293.75,0
2599000,11,4.0,0.0,0,0.0,1,25200.0,236272.72727272726,0
5520000,32,6.0,0.0,0,0.0,1,40000.0,172500.0,0
1230000,7,10.0,0.0,1,0.0,0,3000.0,175714.2857142857,0
8445800,9,4.0,1.0,1,1.0,1,28800.0,938422.2222222222,0
3685000,5,3.0,0.0,0,0.0,0,60000.0,737000.0,0
13700000,26,10.0,0.0,1,0.0,1,120000.0,526923.0769230769,0
4200000,5,2.0,0.0,1,0.0,1,48000.0,840000.0,0
6600000,5,2.0,1.0,1,0.0,1,48000.0,1320000.0,0
6000000,8,2.0,0.0,0,0.0,1,72000.0,750000.0,0
4000000,6,2.0,0.0,1,0.0,1,60000.0,666666.6666666666,0
4000000,5,3.0,1.0,1,0.0,1,42000.0,800000.0,0
45200000,72,4.0,0.0,0,0.0,1,240000.0,627777.7777777778,0
14100000,18,2.0,0.0,1,0.0,1,106000.0,783333.3333333334,0
76500000,184,5.0,0.0,0,0.0,0,228000.0,415760.8695652174,0
5100000,9,3.0,0.0,1,0.0,0,81600.0,566666.6666666666,0
4700000,6,2.0,0.0,0,0.0,0,54000.0,783333.3333333334,0
6115000,9,3.0,0.0,1,0.0,1,72000.0,679444.4444444445,0
16500000,10,2.0,0.0,1,0.0,0,85200.0,1650000.0,0
4800000,7,2.0,0.0,1,0.0,1,21200.0,685714.2857142857,0
182500000,226,5.0,0.0,0,1.0,0,460000.0,807522.1238938053,1
192870000,179,4.0,0.0,0,1.0,0,340000.0,1077486.033519553,1
6150000,8,3.0,1.0,1,0.0,0,67000.0,768750.0,0
5000000,5,1.0,0.0,1,0.0,1,48000.0,1000000.0,0
14000000,25,15.0,0.0,1,0.0,1,62000.0,560000.0,0
10800000,22,18.0,0.0,1,0.0,1,60000.0,490909.0909090909,0
2500000,6,8.0,0.0,1,0.0,1,17000.0,416666.6666666667,0
2300000,7,16.0,0.0,1,0.0,1,15000.0,328571.4285714286,0
43720000,56,8.0,0.0,0,0.0,1,1380000.0,780714.2857142857,0
1500000,8,9.0,0.0,1,0.0,1,5500.0,187500.0,0
4500000,20,15.0,0.0,1,0.0,1,7500.0,225000.0,0
6500000,15,12.0,0.0,1,0.0,1,8000.0,433333.3333333333,0
4300000,10,9.0,0.0,1,0.0,1,8000.0,430000.0,0
4000000,10,10.0,0.0,1,0.0,0,12000.0,400000.0,0
6000000,9,8.0,0.0,1,0.0,0,18000.0,666666.6666666666,0
3500000,7,10.0,0.0,1,0.0,1,10000.0,500000.0,0
139000000,156,30.0,0.0,0,0.0,0,511000.0,891025.641025641,1
4500000,7,10.0,0.0,1,0.0,0,19000.0,642857.1428571428,0
5000000,10,20.0,0.0,1,0.0,0,15000.0,500000.0,0
560000,6,6.0,0.0,1,0.0,0,20000.0,93333.33333333333,0
6650000,15,30.0,0.0,1,0.0,1,15000.0,443333.3333333333,0
13000000,13,12.0,1.0,1,0.0,1,42000.0,1000000.0,0
864000,9,44.0,0.0,1,0.0,1,15000.0,96000.0,0
32000000,34,7.0,1.0,1,0.0,1,117000.0,941176.4705882353,0
6500000,10,30.0,0.0,1,0.0,1,10000.0,650000.0,0
15000000,12,10.0,0.0,1,0.0,0,37800.0,1250000.0,0
47000000,40,20.0,0.0,0,0.0,1,78500.0,1175000.0,0
431000000,297,12.0,0.0,0,1.0,1,2610000.0,1451178.451178451,1
837000000,800,18.0,1.0,0,1.0,1,12000000.0,1046250.0,1
136000000,105,9.0,1.0,1,0.0,0,712000.0,1295238.0952380951,1
4700000,6,13.0,0.0,1,0.0,1,8000.0,783333.3333333334,0
249000000,280,16.0,0.0,1,1.0,0,715000.0,889285.7142857143,1
12000000,10,12.0,1.0,1,0.0,1,78000.0,1200000.0,0
4000000,8,15.0,0.0,1,0.0,1,22000.0,500000.0,0
22000000,28,15.0,0.0,1,0.0,0,15000.0,785714.2857142857,0
115000000,157,3.0,0.0,0,0.0,1,172000.0,732484.076433121,1
5000000,5,12.0,0.0,1,0.0,1,15000.0,1000000.0,0
215000000,210,15.0,1.0,1,0.0,0,628000.0,1023809.5238095238,1
13000000,20,2.0,0.0,1,0.0,0,28000.0,650000.0,0
14850000,16,45.0,0.0,1,0.0,0,28000.0,928125.0,0
12600000,17,43.0,0.0,1,0.0,1,17000.0,741176.4705882353,0
134000000,125,15.0,0.0,0,0.0,0,59000.0,1072000.0,1
26000000,28,10.0,0.0,1,0.0,1,108500.0,928571.4285714285,0
13700000,16,15.0,1.0,1,0.0,1,23000.0,856250.0,0
24000000,20,2.0,0.0,1,0.0,0,58000.0,1200000.0,0
13000000,24,4.0,0.0,1,0.0,0,39000.0,541666.6666666666,0
59000000,41,12.0,0.0,1,0.0,1,108000.0,1439024.3902439023,0
367000000,215,12.0,1.0,0,1.0,1,1208000.0,1706976.7441860465,1
15000000,13,6.0,0.0,1,0.0,1,26500.0,1153846.1538461538,0
5000000,7,7.0,0.0,1,0.0,0,8500.0,714285.7142857143,0
12000000,12,2.0,0.0,1,0.0,1,36000.0,1000000.0,0
52000000,42,14.0,0.0,1,0.0,1,112000.0,1238095.238095238,0
34000000,32,7.0,1.0,1,0.0,1,33600.0,1062500.0,0
63000000,82,15.0,1.0,1,0.0,0,716000.0,768292.6829268293,0
35000000,30,1.0,0.0,1,0.0,0,110000.0,1166666.6666666667,0
45000000,28,10.0,0.0,1,0.0,0,45000.0,1607142.857142857,0
8000000,8,16.0,0.0,1,0.0,0,5700.0,1000000.0,0
342000000,252,12.0,1.0,0,1.0,1,322000.0,1357142.857142857,1
141000000,100,4.0,1.0,1,0.0,1,177580.0,1410000.0,1
338000000,256,15.0,1.0,1,0.0,0,810000.0,1320312.5,1
5500000,17,35.0,0.0,1,0.0,0,14000.0,323529.4117647059,0
16600000,16,30.0,0.0,1,0.0,0,37000.0,1037500.0,0
187000000,275,15.0,0.0,0,0.0,1,1311000.0,680000.0,1
10000000,7,9.0,1.0,1,0.0,0,35000.0,1428571.4285714286,0
10396000,12,7.0,0.0,1,0.0,0,56000.0,866333.3333333334,0
8956400,11,5.0,0.0,1,0.0,0,46000.0,814218.1818181818,0
34382600,30,3.0,1.0,0,0.0,0,145600.0,1146086.6666666667,0
10753400,9,6.0,0.0,1,0.0,0,32000.0,1194822.2222222222,0
7548000,9,5.0,0.0,1,0.0,0,42000.0,838666.6666666666,0
3700000,10,4.0,0.0,1,0.0,0,58800.0,370000.0,0
8320000,7,3.0,0.0,1,0.0,0,65000.0,1188571.4285714286,0
8109600,12,7.0,0.0,1,0.0,0,78000.0,675800.0,0
18050000,10,3.0,0.0,0,0.0,0,94000.0,1805000.0,0
12046000,10,7.0,0.0,1,0.0,0,48000.0,1204600.0,0
23360000,52,5.0,0.0,0,0.0,0,30000.0,449230.76923076925,0
18950000,12,4.0,0.0,1,0.0,1,112000.0,1579166.6666666667,0
9220000,11,4.0,0.0,1,0.0,0,44000.0,838181.8181818182,0
4750600,6,3.0,1.0,0,0.0,1,32400.0,791766.6666666666,0
17928000,9,4.0,0.0,1,0.0,1,66000.0,1992000.0,0
8523000,14,3.0,1.0,1,0.0,1,136000.0,608785.7142857143,0
19868000,18,8.0,0.0,0,0.0,1,102800.0,1103777.7777777778,0
5416600,9,4.0,0.0,0,0.0,0,45600.0,601844.4444444445,0
8428000,15,3.0,0.0,1,0.0,1,64000.0,561866.6666666666,0
3064600,5,3.0,0.0,0,0.0,1,57000.0,612920.0,0
9456000,14,3.0,1.0,1,0.0,0,136000.0,675428.5714285715,0
10668000,19,3.0,0.0,1,0.0,1,160000.0,561473.6842105263,0
7900000,5,2.0,0.0,0,0.0,1,31200.0,1580000.0,0
9778000,16,4.0,0.0,1,0.0,1,64000.0,611125.0,0
5461000,8,3.0,0.0,0,0.0,1,42000.0,682625.0,0
178900000,260,10.0,0.0,0,0.0,1,420000.0,688076.9230769231,1
74000000,115,11.0,0.0,0,0.0,0,456000.0,643478.2608695652,0
43800000,87,6.0,0.0,0,0.0,1,160000.0,503448.275862069,0
230500000,270,5.0,0.0,0,1.0,1,720000.0,853703.7037037037,1
105800000,105,13.0,1.0,0,0.0,1,370000.0,1007619.0476190476,1
210700000,294,6.0,0.0,0,1.0,1,1840000.0,716666.6666666666,1
22000000,40,10.0,0.0,0,0.0,0,106000.0,550000.0,0
124500000,83,4.0,0.0,0,0.0,0,436000.0,1500000.0,1
6200000,10,3.0,0.0,1,0.0,0,72000.0,620000.0,0
454200000,146,11.0,0.0,0,0.0,0,1396000.0,3110958.904109589,1
4900000,9,14.0,1.0,1,0.0,1,38400.0,544444.4444444445,0
76000000,180,5.0,0.0,0,1.0,1,468000.0,422222.22222222225,0
4300000,10,14.0,1.0,0,0.0,0,32400.0,430000.0,0
198600000,236,16.0,0.0,0,0.0,1,552000.0,841525.4237288135,1
139000000,85,4.0,0.0,0,0.0,0,400000.0,1635294.1176470588,1
37100000,25,14.0,0.0,1,0.0,1,172000.0,1484000.0,0
140000000,78,5.0,0.0,0,0.0,0,380000.0,1794871.7948717948,1
25500000,18,3.0,1.0,0,0.0,1,39600.0,1416666.6666666667,0
10100000,24,5.0,0.0,1,0.0,0,48000.0,420833.3333333333,0
88500000,207,20.0,0.0,0,0.0,0,720000.0,427536.231884058,0
6900000,11,9.0,1.0,1,0.0,0,48000.0,627272.7272727273,0
57900000,78,15.0,0.0,0,0.0,1,444000.0,742307.6923076923,0
8000000,20,4.0,0.0,1,0.0,1,96000.0,400000.0,0
176000000,300,11.0,0.0,0,0.0,0,1432000.0,586666.6666666666,1
18800000,22,4.0,0.0,0,0.0,1,168400.0,854545.4545454546,0
6900000,8,3.0,0.0,1,0.0,0,24000.0,862500.0,0
66000000,80,4.0,0.0,0,0.0,1,232000.0,825000.0,0
9000000,16,3.0,0.0,1,0.0,1,28000.0,562500.0,0
18200000,20,7.0,0.0,1,0.0,1,91200.0,910000.0,0
6500000,16,5.0,0.0,1,0.0,1,63200.0,406250.0,0
81000000,105,13.0,0.0,0,1.0,1,245000.0,771428.5714285715,0
118000000,87,3.0,0.0,0,0.0,0,624000.0,1356321.8390804597,1
28600000,28,13.0,0.0,1,0.0,0,157600.0,1021428.5714285715,0
26500000,36,12.0,0.0,1,0.0,0,62400.0,736111.1111111111,0
8500000,21,4.0,0.0,0,0.0,0,84000.0,404761.90476190473,0
176000000,200,15.0,0.0,0,0.0,0,733000.0,880000.0,1
6200000,16,1.0,0.0,0,0.0,1,70000.0,387500.0,0
18500000,30,4.0,0.0,0,0.0,0,144000.0,616666.6666666666,0
120000000,138,16.0,0.0,0,1.0,0,80000.0,869565.2173913043,1
122000000,100,2.0,0.0,1,0.0,0,609000.0,1220000.0,1
21000000,20,2.0,0.0,1,0.0,1,28500.0,1050000.0,0
326000000,315,11.0,0.0,1,0.0,1,917000.0,1034920.6349206349,1
5000000,8,6.0,0.0,1,0.0,1,40000.0,625000.0,0
23000000,25,5.0,0.0,1,0.0,0,92000.0,920000.0,0
58000000,16,5.0,1.0,1,0.0,1,98000.0,3625000.0,0
362000000,182,16.0,0.0,1,0.0,0,916000.0,1989010.989010989,1
2600000,6,8.0,0.0,1,0.0,0,8000.0,433333.3333333333,0
15000000,16,16.0,0.0,1,1.0,0,12000.0,937500.0,0
2500000,6,8.0,0.0,1,0.0,1,8000.0,416666.6666666667,0
3500000,10,8.0,0.0,1,0.0,0,12000.0,350000.0,0
2500000,5,16.0,0.0,1,0.0,0,8000.0,500000.0,0
18736000,13,15.0,0.0,1,0.0,0,8500.0,1441230.7692307692,0
117000000,60,5.0,0.0,1,0.0,1,918000.0,1950000.0,1
129000000,115,30.0,0.0,1,0.0,1,911000.0,1121739.1304347827,1
197650000,180,20.0,0.0,1,1.0,0,250000.0,1098055.5555555555,1
41600000,112,20.0,1.0,1,0.0,1,518000.0,371428.5714285714,0
65000000,60,12.0,1.0,0,0.0,1,12000.0,1083333.3333333333,0
25000000,15,7.0,0.0,1,0.0,1,109000.0,1666666.6666666667,0
53000000,16,2.0,0.0,1,0.0,0,96500.0,3312500.0,0
208000000,262,15.0,1.0,1,1.0,0,302000.0,793893.1297709923,1
67000000,15,6.0,0.0,1,0.0,1,146800.0,4466666.666666667,0
60000000,102,16.0,0.0,1,0.0,1,64000.0,588235.2941176471,0
6500000,10,6.0,0.0,1,0.0,1,45000.0,650000.0,0
40100000,42,13.0,1.0,1,0.0,1,28000.0,954761.9047619047,0
395800000,254,15.0,1.0,0,0.0,0,480000.0,1558267.716535433,1
302300000,265,15.0,1.0,0,0.0,0,492000.0,1140754.716981132,1
605000000,280,16.0,1.0,0,1.0,0,1200000.0,2160714.285714286,1
16400000,15,4.0,0.0,1,0.0,0,36000.0,1093333.3333333333,0
292500000,255,21.0,0.0,0,0.0,0,696000.0,1147058.8235294118,1
57800000,48,14.0,0.0,0,0.0,1,68000.0,1204166.6666666667,0
328000000,279,14.0,1.0,0,1.0,1,1240000.0,1175627.2401433692,1
622500000,302,15.0,1.0,0,1.0,1,1768000.0,2061258.2781456953,1
55000000,40,13.0,1.0,1,0.0,0,38000.0,1375000.0,0
412224000,260,18.0,1.0,0,1.0,1,2000000.0,1585476.923076923,1
6500000,10,5.0,0.0,1,0.0,0,32000.0,650000.0,0
814000000,312,25.0,0.0,0,1.0,0,2000000.0,2608974.358974359,1
222500000,286,5.0,0.0,0,0.0,0,1648000.0,777972.027972028,1
412020000,280,18.0,1.0,0,1.0,0,2500000.0,1471500.0,1
22000000,28,15.0,1.0,1,0.0,0,66000.0,785714.2857142857,0
155150000,136,8.0,0.0,0,1.0,0,576000.0,1140808.8235294118,1
8600000,10,3.0,0.0,1,0.0,1,21600.0,860000.0,0
125300000,70,14.0,0.0,1,0.0,1,220000.0,1790000.0,1
160000000,130,15.0,0.0,0,0.0,1,900000.0,1230769.2307692308,1
800000000,350,18.0,0.0,0,1.0,1,1800000.0,2285714.285714286,1
8000000,10,10.0,0.0,1,0.0,1,23000.0,800000.0,0
233000000,256,35.0,0.0,1,0.0,1,911000.0,910156.25,1
66000000,85,5.0,0.0,1,0.0,1,219000.0,776470.5882352941,0
900000000,280,35.0,1.0,0,1.0,1,1200000.0,3214285.714285714,1
500000000,250,20.0,0.0,0,1.0,1,760000.0,2000000.0,1
6800000,8,12.0,0.0,1,0.0,1,15000.0,850000.0,0
1000000000,450,20.0,0.0,0,1.0,0,2150000.0,2222222.222222222,1
130000000,266,3.0,0.0,1,0.0,1,715000.0,488721.80451127817,1
60000000,18,18.0,0.0,1,0.0,0,35000.0,3333333.3333333335,0
42000000,30,1.0,0.0,0,0.0,1,320000.0,1400000.0,0
258000000,75,25.0,0.0,0,0.0,0,556000.0,3440000.0,1
50000000,30,15.0,0.0,1,0.0,1,150000.0,1666666.6666666667,0
22000000,22,25.0,0.0,1,0.0,0,280000.0,1000000.0,0
800000000,226,1.0,0.0,0,1.0,0,1150000.0,3539823.0088495575,1
500000000,225,1.0,0.0,0,0.0,0,1900000.0,2222222.222222222,1
80000000,135,25.0,0.0,0,0.0,1,390000.0,592592.5925925926,0
16000000,18,3.0,0.0,1,0.0,1,57800.0,888888.8888888889,0
19000000,44,11.0,0.0,1,0.0,0,110000.0,431818.1818181818,0
9800000,12,13.0,0.0,1,0.0,1,98000.0,816666.6666666666,0
19000000,25,7.0,0.0,1,0.0,0,42000.0,760000.0,0
130000000,155,15.0,1.0,0,0.0,1,255000.0,838709.6774193548,1
64000000,158,11.0,0.0,0,0.0,1,121000.0,405063.2911392405,0
67000000,68,5.0,0.0,1,0.0,0,105000.0,985294.1176470588,0
6000000,6,5.0,0.0,1,0.0,1,36000.0,1000000.0,0
17000000,12,5.0,1.0,1,0.0,0,35400.0,1416666.6666666667,0
333000000,265,20.0,0.0,0,1.0,0,625000.0,1256603.7735849055,1
19000000,12,2.0,0.0,1,0.0,1,17800.0,1583333.3333333333,0
7000000,10,5.0,0.0,1,0.0,0,44500.0,700000.0,0
21000000,24,13.0,0.0,1,0.0,0,106300.0,875000.0,0
63000000,156,14.0,0.0,0,0.0,0,225000.0,403846.1538461539,0
131000000,105,4.0,0.0,1,0.0,0,115000.0,1247619.0476190476,1
132000000,205,5.0,0.0,0,0.0,1,615000.0,643902.4390243902,1
335000000,202,12.0,0.0,0,1.0,0,238500.0,1658415.8415841584,1
6500000,8,2.0,0.0,1,0.0,0,16500.0,812500.0,0
8000000,9,5.0,0.0,1,0.0,0,52000.0,888888.8888888889,0
328000000,258,3.0,0.0,0,1.0,0,658000.0,1271317.8294573643,1
18000000,17,5.0,0.0,1,0.0,1,172000.0,1058823.5294117648,0
16000000,11,7.0,0.0,1,0.0,0,28000.0,1454545.4545454546,0
13000000,10,6.0,0.0,1,0.0,1,19000.0,1300000.0,0
17000000,30,5.0,0.0,1,0.0,0,57450.0,566666.6666666666,0
8000000,8,5.0,0.0,1,0.0,0,42000.0,1000000.0,0
56000000,54,5.0,1.0,1,0.0,0,420000.0,1037037.0370370371,0
18000000,15,2.0,0.0,1,0.0,1,116000.0,1200000.0,0
5000000,5,4.0,0.0,1,0.0,1,13500.0,1000000.0,0
11000000,15,5.0,1.0,1,0.0,1,56000.0,733333.3333333334,0
9000000,10,3.0,0.0,1,0.0,1,78000.0,900000.0,0
20000000,13,16.0,0.0,1,0.0,0,203000.0,1538461.5384615385,0
20000000,20,3.0,0.0,1,0.0,1,57000.0,1000000.0,0
9000000,7,10.0,0.0,1,0.0,0,30000.0,1285714.2857142857,0
14000000,20,13.0,0.0,1,0.0,1,27000.0,700000.0,0
28000000,17,2.0,0.0,1,0.0,1,50000.0,1647058.8235294118,0
34000000,15,5.0,0.0,1,0.0,0,57000.0,2266666.6666666665,0
23000000,32,15.0,0.0,1,0.0,1,90000.0,718750.0,0
9000000,14,20.0,0.0,1,0.0,0,38000.0,642857.1428571428,0
56000000,150,13.0,0.0,1,0.0,1,156000.0,373333.3333333333,0
11000000,10,12.0,1.0,1,0.0,0,65000.0,1100000.0,0
33000000,65,5.0,0.0,1,0.0,1,110000.0,507692.3076923077,0
335000000,130,7.0,0.0,1,0.0,0,309080.0,2576923.076923077,1
15000000,13,6.0,0.0,1,0.0,0,47450.0,1153846.1538461538,0
58000000,150,7.0,0.0,1,0.0,1,182000.0,386666.6666666667,0
19000000,20,17.0,1.0,1,0.0,1,94000.0,950000.0,0
16000000,12,7.0,0.0,1,0.0,0,174200.0,1333333.3333333333,0
15000000,12,25.0,0.0,0,0.0,1,7500.0,1250000.0,0
8000000,6,5.0,0.0,1,0.0,0,18000.0,1333333.3333333333,0
6800000,5,6.0,1.0,1,0.0,0,20000.0,1360000.0,0
32000000,25,4.0,0.0,1,0.0,0,98000.0,1280000.0,0
108000000,25,15.0,0.0,0,0.0,0,110000.0,4320000.0,1
500000000,215,18.0,0.0,0,1.0,0,2135800.0,2325581.395348837,1
7500000,8,15.0,0.0,1,0.0,0,35000.0,937500.0,0
12741000,10,25.0,1.0,0,0.0,1,254000.0,1274100.0,0
600000000,175,18.0,0.0,0,0.0,1,615000.0,3428571.4285714286,1
4100000,16,8.0,1.0,1,0.0,0,23000.0,256250.0,0
10800000,5,6.0,1.0,1,0.0,1,25000.0,2160000.0,0
4800000,5,5.0,0.0,1,0.0,0,8500.0,960000.0,0
5000000,6,15.0,0.0,1,0.0,1,16000.0,833333.3333333334,0
5400000,5,5.0,0.0,1,0.0,1,15000.0,1080000.0,0
330000000,300,25.0,1.0,0,0.0,1,421100.0,1100000.0,1
13000000,25,10.0,0.0,1,0.0,1,30000.0,520000.0,0
235000000,254,15.0,1.0,1,0.0,1,710000.0,925196.8503937008,1
435000000,280,25.0,1.0,0,0.0,0,912000.0,1553571.4285714286,1
128000000,105,25.0,0.0,0,0.0,1,710000.0,1219047.619047619,1
236000000,310,30.0,1.0,0,1.0,0,2111000.0,761290.3225806452,1
125000000,105,10.0,1.0,0,0.0,1,310000.0,1190476.1904761905,1
11000000,10,1.0,0.0,1,0.0,1,37000.0,1100000.0,0
240000000,215,35.0,1.0,1,0.0,0,611000.0,1116279.0697674418,1
238000000,160,20.0,1.0,0,1.0,0,711000.0,1487500.0,1
35000000,32,15.0,1.0,1,0.0,0,111000.0,1093750.0,0
15000000,23,10.0,0.0,1,0.0,0,59000.0,652173.9130434783,0
35000000,18,10.0,0.0,1,0.0,1,90000.0,1944444.4444444445,0
15000000,20,20.0,0.0,1,0.0,1,39500.0,750000.0,0
114000000,80,5.0,1.0,1,0.0,0,610000.0,1425000.0,1
300000000,255,20.0,0.0,0,1.0,1,1711000.0,1176470.5882352942,1
215000000,254,25.0,1.0,1,0.0,0,710000.0,846456.6929133858,1
221000000,162,12.0,0.0,0,0.0,1,415000.0,1364197.5308641975,1
9000000,8,12.0,0.0,1,0.0,0,18000.0,1125000.0,0
215000000,152,10.0,1.0,0,1.0,1,546000.0,1414473.6842105263,1
26000000,17,6.0,0.0,1,0.0,0,56000.0,1529411.7647058824,0
130000000,138,13.0,0.0,0,0.0,0,106000.0,942028.9855072463,1
43000000,52,16.0,0.0,1,0.0,1,65300.0,826923.0769230769,0
76000000,73,15.0,0.0,0,0.0,0,105000.0,1041095.8904109589,0
251000000,260,20.0,1.0,1,1.0,0,482000.0,965384.6153846154,1
10000000,13,5.0,0.0,1,0.0,1,36000.0,769230.7692307692,0
6500000,12,4.0,0.0,0,0.0,1,34000.0,541666.6666666666,0
14300000,6,5.0,0.0,1,0.0,1,66000.0,2383333.3333333335,0
142604000,84,18.0,0.0,0,1.0,0,364000.0,1697666.6666666667,1
5900000,8,4.0,0.0,1,0.0,0,50000.0,737500.0,0
3730000,5,2.0,1.0,0,0.0,1,26800.0,746000.0,0
11600000,10,3.0,0.0,1,0.0,0,120000.0,1160000.0,0
5500000,7,3.0,0.0,1,0.0,0,91200.0,785714.2857142857,0
4400000,7,3.0,0.0,0,0.0,0,45600.0,628571.4285714285,0
5200000,9,3.0,0.0,1,0.0,0,22000.0,577777.7777777778,0
5200000,7,3.0,0.0,1,0.0,1,52000.0,742857.1428571428,0
6270000,8,4.0,0.0,1,0.0,0,108000.0,783750.0,0
5100000,6,2.0,0.0,1,0.0,1,64000.0,850000.0,0
94000000,158,15.0,0.0,0,1.0,0,260000.0,594936.7088607595,1
4300000,5,3.0,0.0,1,0.0,1,75000.0,860000.0,0
49250000,92,6.0,0.0,0,1.0,1,90000.0,535326.0869565217,0
7640000,8,3.0,0.0,1,0.0,0,22000.0,955000.0,0
5100000,6,3.0,1.0,1,0.0,1,34000.0,850000.0,0
4100000,5,2.0,0.0,1,0.0,1,62400.0,820000.0,0
4800000,6,3.0,0.0,1,0.0,0,108000.0,800000.0,0
49000000,67,5.0,0.0,0,1.0,0,42000.0,731343.2835820896,0
74500000,186,7.0,0.0,0,0.0,0,125000.0,400537.63440860214,0
90500000,177,8.0,0.0,0,1.0,1,749000.0,511299.4350282486,1
171000000,166,12.0,1.0,0,1.0,0,340000.0,1030120.4819277108,1
3850000,5,6.0,0.0,1,0.0,1,54000.0,770000.0,0
107400000,227,15.0,0.0,0,1.0,0,888000.0,473127.75330396474,1
4500000,6,4.0,0.0,1,0.0,1,48000.0,750000.0,0
15500000,13,3.0,0.0,1,0.0,1,96000.0,1192307.6923076923,0
4500000,6,3.0,0.0,1,0.0,1,18400.0,750000.0,0
91650000,191,6.0,0.0,0,0.0,0,864000.0,479842.9319371728,1
17539000,26,4.0,1.0,0,0.0,1,120000.0,674576.9230769231,0
6900000,9,6.0,0.0,1,0.0,1,73200.0,766666.6666666666,0
5600000,8,3.0,0.0,1,0.0,1,108000.0,700000.0,0
20800000,49,3.0,0.0,1,0.0,1,132000.0,424489.79591836734,0
14320000,32,5.0,0.0,0,0.0,1,336000.0,447500.0,0
180300000,217,12.0,1.0,0,1.0,0,840000.0,830875.5760368664,1
12800000,24,8.0,0.0,0,0.0,1,120000.0,533333.3333333334,0
7220000,7,3.0,0.0,1,0.0,0,33000.0,1031428.5714285715,0
17000000,12,6.0,0.0,0,0.0,1,120000.0,1416666.6666666667,0
140500000,76,8.0,0.0,0,1.0,1,312000.0,1848684.2105263157,1
6740800,9,5.0,0.0,1,0.0,0,73000.0,748977.7777777778,0
5100000,8,3.0,0.0,1,0.0,1,108000.0,637500.0,0
9000000,15,5.0,0.0,1,0.0,1,86000.0,600000.0,0
125000000,125,30.0,0.0,1,0.0,0,356000.0,1000000.0,1
116000000,85,25.0,0.0,1,0.0,0,220000.0,1364705.8823529412,1
55000000,18,15.0,0.0,1,0.0,0,120000.0,3055555.5555555555,0
115000000,58,30.0,0.0,1,0.0,1,103000.0,1982758.6206896552,1
135000000,56,20.0,0.0,1,0.0,1,324000.0,2410714.285714286,1
45000000,38,1.0,0.0,1,0.0,0,150000.0,1184210.5263157894,0
7500000,7,8.0,0.0,1,0.0,0,25000.0,1071428.5714285714,0
120000000,165,11.0,0.0,0,0.0,0,720000.0,727272.7272727273,1
95000000,130,20.0,0.0,0,0.0,1,200000.0,730769.2307692308,1
1520000,6,12.0,1.0,1,0.0,1,6500.0,253333.33333333334,0
95000000,130,25.0,0.0,0,0.0,0,1200000.0,730769.2307692308,1
4000000,5,10.0,0.0,1,0.0,1,15000.0,800000.0,0
48000000,30,25.0,0.0,0,0.0,1,158000.0,1600000.0,0
460000000,90,18.0,0.0,0,0.0,1,120000.0,5111111.111111111,1
142000000,183,25.0,0.0,0,0.0,0,720000.0,775956.2841530055,1
4200000,6,15.0,0.0,1,0.0,1,10000.0,700000.0,0
105000000,80,20.0,0.0,0,0.0,1,326000.0,1312500.0,1
25000000,21,25.0,0.0,1,0.0,1,28000.0,1190476.1904761905,0
80000000,48,19.0,0.0,1,0.0,1,1500000.0,1666666.6666666667,0
75000000,56,15.0,0.0,0,1.0,1,85000.0,1339285.7142857143,0
452000000,300,1.0,0.0,0,0.0,0,1215000.0,1506666.6666666667,1
185000000,150,25.0,0.0,0,1.0,1,250000.0,1233333.3333333333,1
350000000,75,18.0,0.0,0,0.0,1,138000.0,4666666.666666667,1
2300000,5,5.0,0.0,1,0.0,0,18000.0,460000.0,0
900000000,450,25.0,0.0,0,0.0,1,1000000.0,2000000.0,1
65000000,38,18.0,0.0,0,0.0,0,180000.0,1710526.3157894737,0
35000000,15,20.0,0.0,1,0.0,1,125000.0,2333333.3333333335,0
45000000,36,18.0,0.0,0,0.0,0,68000.0,1250000.0,0
15000000,6,20.0,0.0,1,0.0,1,75000.0,2500000.0,0
6000000,6,16.0,0.0,1,0.0,1,22000.0,1000000.0,0
80000000,38,15.0,0.0,0,0.0,0,600000.0,2105263.1578947366,0
65000000,128,35.0,0.0,1,0.0,0,180000.0,507812.5,0
3200000,8,10.0,0.0,1,0.0,1,18000.0,400000.0,0
1175000,7,9.0,0.0,0,0.0,1,7000.0,167857.14285714287,0
4105000,5,8.0,0.0,0,0.0,1,5000.0,821000.0,0
1184000,6,2.0,1.0,1,0.0,0,6000.0,197333.33333333334,0
6000000,6,8.0,0.0,1,0.0,1,15000.0,1000000.0,0
8500000,8,8.0,0.0,1,0.0,0,28000.0,1062500.0,0
185000000,110,20.0,0.0,0,0.0,1,130000.0,1681818.1818181819,1
5400000,7,12.0,0.0,1,0.0,0,35000.0,771428.5714285715,0
128000000,115,8.0,0.0,1,0.0,1,239000.0,1113043.4782608696,1
7000000,8,5.0,1.0,1,0.0,1,25000.0,875000.0,0
230000000,232,12.0,0.0,1,1.0,0,407000.0,991379.3103448276,1
19000000,17,12.0,0.0,1,0.0,1,36000.0,1117647.0588235294,0
5000000,5,15.0,0.0,1,0.0,0,22000.0,1000000.0,0
15000000,8,2.0,0.0,1,0.0,1,27500.0,1875000.0,0
16000000,12,5.0,0.0,1,0.0,1,56000.0,1333333.3333333333,0
13000000,11,5.0,1.0,1,0.0,0,56000.0,1181818.1818181819,0
71000000,67,16.0,1.0,1,0.0,1,156000.0,1059701.4925373134,0
